system,query,concurrency,request_id,success,status,latency_ms,error
spin,space,2,1,true,200,63.598,
spin,space,2,2,true,200,63.698,
spin,space,2,3,true,200,60.870,
spin,space,2,4,true,200,122.518,
spin,space,2,5,true,200,62.169,
spin,space,2,6,true,200,62.070,
spin,space,2,7,true,200,62.037,
spin,space,2,8,true,200,61.989,
spin,space,2,9,true,200,61.853,
spin,space,2,10,true,200,69.546,
spin,space,2,11,true,200,71.783,
spin,space,2,13,true,200,69.379,
spin,space,2,12,true,200,72.772,
spin,space,2,14,true,200,69.277,
spin,space,2,15,true,200,69.405,
spin,space,2,17,true,200,206.444,
spin,space,2,16,true,200,208.530,
spin,space,2,19,true,200,243.105,
spin,space,2,18,true,200,250.151,
spin,space,2,20,true,200,157.050,
spin,space,2,21,true,200,191.968,
spin,space,2,22,true,200,147.448,
spin,space,2,23,true,200,108.627,
spin,space,2,24,true,200,108.287,
spin,space,2,25,true,200,109.527,
spin,space,2,26,true,200,68.891,
spin,space,2,27,true,200,68.758,
spin,space,2,28,true,200,65.315,
spin,space,2,29,true,200,64.238,
spin,space,2,30,true,200,64.976,
spin,space,2,31,true,200,63.280,
spin,space,2,32,true,200,64.573,
spin,space,2,33,true,200,64.190,
spin,space,2,35,true,200,64.092,
spin,space,2,34,true,200,64.702,
spin,space,2,36,true,200,65.536,
spin,space,2,37,true,200,66.122,
spin,space,2,38,true,200,64.081,
spin,space,2,39,true,200,64.497,
spin,space,2,40,true,200,64.006,
spin,space,2,41,true,200,63.610,
spin,space,2,42,true,200,64.154,
spin,space,2,43,true,200,63.926,
spin,space,2,44,true,200,63.125,
spin,space,2,45,true,200,63.169,
spin,space,2,46,true,200,64.825,
spin,space,2,47,true,200,64.702,
spin,space,2,48,true,200,66.779,
spin,space,2,49,true,200,66.679,
spin,space,2,50,true,200,65.240,
spin,space,2,51,true,200,131.138,
spin,space,2,52,true,200,66.395,
spin,space,2,53,true,200,70.267,
spin,space,2,54,true,200,70.981,
spin,space,2,55,true,200,78.979,
spin,space,2,56,true,200,79.321,
spin,space,2,57,true,200,85.964,
spin,space,2,58,true,200,85.199,
spin,space,2,60,true,200,77.231,
spin,space,2,59,true,200,79.132,
spin,space,2,61,true,200,65.716,
spin,space,2,62,true,200,65.142,
spin,space,2,63,true,200,64.514,
spin,space,2,64,true,200,63.858,
spin,space,2,65,true,200,205.998,
spin,space,2,67,true,200,102.459,
spin,space,2,66,true,200,310.030,
spin,,2,68,true,200,51.133,
spin,,2,69,true,200,55.487,
spin,,2,70,true,200,66.564,
spin,,2,71,true,200,67.105,
spin,,2,73,true,200,55.759,
spin,,2,72,true,200,63.670,
spin,,2,75,true,200,52.750,
spin,,2,74,true,200,61.269,
spin,,2,76,true,200,46.030,
spin,,2,77,true,200,43.883,
spin,,2,78,true,200,31.722,
spin,,2,79,true,200,30.902,
spin,,2,80,true,200,32.040,
spin,,2,81,true,200,31.474,
spin,,2,82,true,200,31.607,
spin,,2,83,true,200,31.256,
spin,,2,84,true,200,31.902,
spin,,2,85,true,200,31.283,
spin,,2,86,true,200,31.328,
spin,,2,87,true,200,30.563,
spin,,2,88,true,200,31.398,
spin,,2,89,true,200,31.321,
spin,,2,91,true,200,32.152,
spin,,2,90,true,200,32.685,
spin,,2,92,true,200,29.335,
spin,,2,93,true,200,59.084,
spin,,2,94,true,200,30.050,
spin,,2,95,true,200,30.249,
spin,,2,96,true,200,177.824,
spin,,2,97,true,200,158.610,
spin,,2,98,true,200,77.873,
spin,,2,99,true,200,83.316,
spin,,2,100,true,200,74.471,
spin,,2,101,true,200,88.028,
spin,,2,102,true,200,74.097,
spin,,2,103,true,200,75.020,
spin,,2,104,true,200,63.077,
spin,,2,105,true,200,52.357,
spin,,2,106,true,200,66.939,
spin,,2,107,true,200,67.506,
spin,,2,108,true,200,55.850,
spin,,2,109,true,200,59.963,
spin,,2,110,true,200,55.102,
spin,,2,111,true,200,54.041,
spin,,2,112,true,200,51.586,
spin,,2,113,true,200,55.430,
spin,,2,114,true,200,52.250,
spin,,2,115,true,200,51.424,
spin,,2,116,true,200,57.021,
spin,,2,117,true,200,63.960,
spin,,2,118,true,200,54.905,
spin,,2,119,true,200,36.976,
spin,,2,120,true,200,32.434,
spin,,2,121,true,200,31.570,
spin,,2,122,true,200,33.872,
spin,,2,123,true,200,33.495,
spin,,2,124,true,200,32.715,
spin,,2,125,true,200,32.800,
spin,,2,126,true,200,32.729,
spin,,2,127,true,200,32.385,
spin,,2,128,true,200,32.695,
spin,,2,129,true,200,32.817,
spin,,2,130,true,200,33.026,
spin,,2,131,true,200,32.612,
spin,,2,132,true,200,33.851,
spin,,2,133,true,200,34.112,
spin,,2,134,true,200,33.873,
spin,,2,135,true,200,35.282,
spin,,2,136,true,200,36.986,
spin,,2,137,true,200,35.505,
spin,,2,138,true,200,34.642,
spin,,2,139,true,200,32.800,
spin,,2,140,true,200,32.258,
spin,,2,141,true,200,32.688,
spin,,2,142,true,200,33.586,
spin,,2,143,true,200,33.614,
spin,,2,144,true,200,34.543,
spin,,2,145,true,200,33.499,
spin,,2,146,true,200,32.814,
spin,,2,147,true,200,32.180,
spin,,2,148,true,200,33.549,
spin,,2,149,true,200,33.423,
spin,,2,150,true,200,34.518,
spin,,2,151,true,200,33.828,
spin,,2,152,true,200,33.837,
spin,,2,153,true,200,34.084,
spin,,2,154,true,200,34.194,
spin,,2,155,true,200,31.078,
spin,,2,156,true,200,32.252,
spin,,2,157,true,200,30.918,
spin,,2,158,true,200,31.750,
spin,,2,159,true,200,30.828,
spin,,2,160,true,200,32.153,
spin,,2,161,true,200,31.161,
spin,,2,162,true,200,31.982,
spin,,2,163,true,200,30.965,
spin,,2,164,true,200,31.073,
spin,,2,165,true,200,30.311,
spin,,2,166,true,200,30.741,
spin,,2,167,true,200,30.033,
spin,,2,168,true,200,30.500,
spin,,2,169,true,200,30.078,
spin,,2,170,true,200,30.439,
spin,,2,171,true,200,30.377,
spin,,2,172,true,200,31.815,
spin,,2,173,true,200,31.001,
spin,,2,175,true,200,33.870,
spin,,2,174,true,200,34.578,
spin,,2,176,true,200,35.291,
spin,,2,177,true,200,92.577,
spin,,2,178,true,200,281.203,
spin,,2,179,true,200,227.556,
spin,,2,180,true,200,70.895,
spin,,2,181,true,200,68.917,
spin,,2,183,true,200,58.523,
spin,,2,182,true,200,62.221,
spin,,2,184,true,200,49.534,
spin,,2,185,true,200,53.328,
spin,,2,186,true,200,45.071,
spin,,2,187,true,200,49.214,
spin,,2,188,true,200,43.191,
spin,,2,189,true,200,39.234,
spin,,2,190,true,200,32.017,
spin,,2,191,true,200,31.748,
spin,,2,192,true,200,31.765,
spin,,2,193,true,200,30.876,
spin,,2,194,true,200,30.603,
oci,space,2,196,true,200,21.115,
oci,space,2,195,true,200,40.294,
oci,space,2,197,true,200,40.400,
oci,space,2,198,true,200,39.821,
oci,space,2,199,true,200,36.295,
oci,space,2,200,true,200,35.964,
oci,space,2,201,true,200,35.973,
oci,space,2,202,true,200,35.983,
oci,space,2,203,true,200,35.548,
oci,space,2,204,true,200,35.474,
oci,space,2,205,true,200,36.882,
oci,space,2,206,true,200,36.715,
oci,space,2,207,true,200,35.750,
oci,space,2,208,true,200,35.905,
oci,space,2,209,true,200,35.635,
oci,space,2,210,true,200,35.962,
oci,space,2,211,true,200,36.745,
oci,space,2,212,true,200,37.030,
oci,space,2,213,true,200,36.764,
oci,space,2,214,true,200,36.890,
oci,space,2,215,true,200,37.217,
oci,space,2,216,true,200,36.991,
oci,space,2,217,true,200,36.723,
oci,space,2,218,true,200,36.048,
oci,space,2,219,true,200,35.693,
oci,space,2,220,true,200,35.643,
oci,space,2,221,true,200,35.456,
oci,space,2,222,true,200,35.870,
oci,space,2,223,true,200,35.890,
oci,space,2,224,true,200,35.682,
oci,space,2,225,true,200,35.501,
oci,space,2,226,true,200,35.644,
oci,space,2,227,true,200,35.990,
oci,space,2,228,true,200,35.535,
oci,space,2,229,true,200,35.354,
oci,space,2,230,true,200,35.492,
oci,space,2,231,true,200,35.442,
oci,space,2,232,true,200,35.490,
oci,space,2,233,true,200,35.438,
oci,space,2,234,true,200,35.391,
oci,space,2,235,true,200,35.409,
oci,space,2,236,true,200,35.606,
oci,space,2,237,true,200,35.490,
oci,space,2,238,true,200,35.709,
oci,space,2,239,true,200,36.050,
oci,space,2,240,true,200,35.842,
oci,space,2,241,true,200,35.967,
oci,space,2,242,true,200,36.645,
oci,space,2,243,true,200,36.821,
oci,space,2,244,true,200,37.955,
oci,space,2,245,true,200,39.287,
oci,space,2,246,true,200,39.372,
oci,space,2,247,true,200,38.804,
oci,space,2,248,true,200,38.594,
oci,space,2,249,true,200,38.855,
oci,space,2,250,true,200,40.727,
oci,space,2,251,true,200,41.316,
oci,space,2,252,true,200,40.331,
oci,space,2,253,true,200,38.675,
oci,space,2,254,true,200,36.919,
oci,space,2,255,true,200,36.710,
oci,space,2,256,true,200,39.909,
oci,space,2,257,true,200,39.761,
oci,space,2,258,true,200,35.904,
oci,space,2,259,true,200,35.985,
oci,space,2,260,true,200,35.997,
oci,space,2,261,true,200,35.533,
oci,space,2,262,true,200,35.479,
oci,space,2,263,true,200,35.789,
oci,space,2,264,true,200,35.666,
oci,space,2,265,true,200,35.623,
oci,space,2,266,true,200,35.741,
oci,space,2,267,true,200,35.681,
oci,space,2,268,true,200,35.617,
oci,space,2,269,true,200,35.680,
oci,space,2,270,true,200,36.051,
oci,space,2,271,true,200,36.140,
oci,space,2,272,true,200,35.882,
oci,space,2,273,true,200,36.007,
oci,space,2,274,true,200,38.575,
oci,space,2,275,true,200,45.019,
oci,space,2,276,true,200,45.663,
oci,space,2,277,true,200,39.508,
oci,space,2,278,true,200,36.303,
oci,space,2,279,true,200,36.056,
oci,space,2,280,true,200,36.121,
oci,space,2,281,true,200,36.072,
oci,space,2,282,true,200,35.979,
oci,space,2,283,true,200,36.186,
oci,space,2,284,true,200,36.460,
oci,space,2,285,true,200,36.362,
oci,space,2,286,true,200,36.228,
oci,space,2,287,true,200,36.421,
oci,space,2,288,true,200,36.054,
oci,space,2,289,true,200,35.651,
oci,space,2,290,true,200,35.951,
oci,space,2,291,true,200,36.100,
oci,space,2,292,true,200,36.127,
oci,space,2,293,true,200,35.898,
oci,space,2,294,true,200,35.840,
oci,space,2,295,true,200,36.315,
oci,space,2,296,true,200,36.717,
oci,space,2,297,true,200,36.572,
oci,space,2,298,true,200,36.262,
oci,space,2,299,true,200,36.876,
oci,space,2,300,true,200,37.470,
oci,space,2,301,true,200,36.656,
oci,space,2,302,true,200,36.122,
oci,space,2,303,true,200,36.235,
oci,space,2,304,true,200,36.167,
oci,space,2,305,true,200,36.009,
oci,space,2,306,true,200,36.019,
oci,space,2,307,true,200,35.990,
oci,space,2,308,true,200,35.949,
oci,space,2,309,true,200,36.056,
oci,space,2,310,true,200,36.098,
oci,space,2,311,true,200,36.082,
oci,space,2,312,true,200,36.310,
oci,space,2,313,true,200,36.889,
oci,space,2,314,true,200,37.155,
oci,space,2,315,true,200,36.947,
oci,space,2,316,true,200,36.641,
oci,space,2,317,true,200,36.530,
oci,space,2,318,true,200,36.678,
oci,space,2,319,true,200,36.617,
oci,space,2,320,true,200,36.653,
oci,space,2,321,true,200,36.916,
oci,space,2,322,true,200,36.755,
oci,space,2,323,true,200,36.453,
oci,space,2,324,true,200,36.369,
oci,space,2,325,true,200,36.596,
oci,space,2,326,true,200,36.772,
oci,space,2,327,true,200,36.596,
oci,space,2,328,true,200,36.209,
oci,space,2,329,true,200,36.149,
oci,space,2,330,true,200,36.821,
oci,space,2,331,true,200,37.220,
oci,space,2,332,true,200,38.480,
oci,space,2,333,true,200,38.448,
oci,space,2,334,true,200,36.664,
oci,space,2,335,true,200,36.378,
oci,space,2,336,true,200,36.144,
oci,space,2,337,true,200,35.689,
oci,space,2,338,true,200,35.804,
oci,space,2,339,true,200,36.458,
oci,space,2,340,true,200,37.045,
oci,space,2,341,true,200,36.531,
oci,space,2,342,true,200,35.887,
oci,space,2,343,true,200,35.819,
oci,space,2,344,true,200,35.901,
oci,space,2,345,true,200,36.123,
oci,space,2,346,true,200,35.941,
oci,space,2,347,true,200,35.779,
oci,space,2,348,true,200,35.887,
oci,space,2,349,true,200,36.001,
oci,space,2,350,true,200,36.078,
oci,space,2,351,true,200,36.327,
oci,space,2,352,true,200,36.962,
oci,space,2,353,true,200,39.032,
oci,space,2,354,true,200,41.017,
oci,space,2,355,true,200,41.190,
oci,space,2,356,true,200,39.566,
oci,space,2,357,true,200,38.663,
oci,space,2,358,true,200,39.098,
oci,,2,359,true,200,1.295,
oci,,2,360,true,200,1.322,
oci,,2,362,true,200,1.806,
oci,,2,361,true,200,2.072,
oci,,2,364,true,200,0.867,
oci,,2,363,true,200,1.176,
oci,,2,365,true,200,0.768,
oci,,2,366,true,200,0.718,
oci,,2,367,true,200,1.319,
oci,,2,368,true,200,1.320,
oci,,2,370,true,200,1.014,
oci,,2,369,true,200,1.300,
oci,,2,372,true,200,1.485,
oci,,2,371,true,200,1.909,
oci,,2,373,true,200,0.993,
oci,,2,374,true,200,0.969,
oci,,2,376,true,200,1.266,
oci,,2,375,true,200,1.696,
oci,,2,378,true,200,2.208,
oci,,2,377,true,200,2.587,
oci,,2,379,true,200,2.151,
oci,,2,380,true,200,2.157,
oci,,2,382,true,200,0.765,
oci,,2,381,true,200,1.029,
oci,,2,383,true,200,1.976,
oci,,2,384,true,200,1.988,
oci,,2,386,true,200,2.218,
oci,,2,385,true,200,2.439,
oci,,2,387,true,200,2.312,
oci,,2,388,true,200,2.347,
oci,,2,389,true,200,1.680,
oci,,2,390,true,200,1.611,
oci,,2,392,true,200,2.591,
oci,,2,391,true,200,2.759,
oci,,2,393,true,200,0.998,
oci,,2,394,true,200,1.046,
oci,,2,395,true,200,0.821,
oci,,2,396,true,200,0.792,
oci,,2,398,true,200,0.669,
oci,,2,397,true,200,0.889,
oci,,2,400,true,200,2.130,
oci,,2,399,true,200,2.318,
oci,,2,402,true,200,0.831,
oci,,2,401,true,200,1.017,
oci,,2,403,true,200,1.281,
oci,,2,404,true,200,1.276,
oci,,2,406,true,200,2.600,
oci,,2,405,true,200,2.857,
oci,,2,407,true,200,1.695,
oci,,2,408,true,200,1.752,
oci,,2,409,true,200,1.413,
oci,,2,410,true,200,1.357,
oci,,2,412,true,200,2.024,
oci,,2,411,true,200,2.329,
oci,,2,413,true,200,1.227,
oci,,2,414,true,200,1.235,
oci,,2,415,true,200,1.063,
oci,,2,416,true,200,1.260,
oci,,2,417,true,200,4.696,
oci,,2,418,true,200,4.688,
oci,,2,420,true,200,6.482,
oci,,2,419,true,200,7.436,
oci,,2,421,true,200,0.995,
oci,,2,422,true,200,1.143,
oci,,2,423,true,200,0.845,
oci,,2,424,true,200,1.177,
oci,,2,425,true,200,1.199,
oci,,2,426,true,200,0.742,
oci,,2,427,true,200,0.751,
oci,,2,428,true,200,0.585,
oci,,2,429,true,200,0.601,
oci,,2,430,true,200,0.659,
oci,,2,431,true,200,0.636,
oci,,2,432,true,200,1.055,
oci,,2,433,true,200,1.057,
oci,,2,434,true,200,0.664,
oci,,2,435,true,200,0.639,
oci,,2,437,true,200,0.512,
oci,,2,436,true,200,0.689,
oci,,2,438,true,200,1.674,
oci,,2,439,true,200,1.726,
oci,,2,440,true,200,1.056,
oci,,2,441,true,200,1.015,
oci,,2,442,true,200,0.871,
oci,,2,443,true,200,0.877,
oci,,2,444,true,200,0.564,
oci,,2,445,true,200,0.618,
oci,,2,446,true,200,1.597,
oci,,2,447,true,200,1.531,
oci,,2,449,true,200,0.552,
oci,,2,448,true,200,0.766,
oci,,2,450,true,200,0.636,
oci,,2,451,true,200,0.865,
oci,,2,452,true,200,1.582,
oci,,2,453,true,200,1.372,
oci,,2,454,true,200,0.618,
oci,,2,455,true,200,0.585,
oci,,2,456,true,200,0.623,
oci,,2,457,true,200,0.660,
oci,,2,458,true,200,0.644,
oci,,2,459,true,200,1.439,
oci,,2,460,true,200,1.095,
oci,,2,461,true,200,0.954,
oci,,2,462,true,200,0.970,
oci,,2,463,true,200,0.612,
oci,,2,464,true,200,0.642,
oci,,2,465,true,200,0.615,
oci,,2,466,true,200,0.537,
oci,,2,467,true,200,0.721,
oci,,2,468,true,200,0.740,
oci,,2,469,true,200,0.647,
oci,,2,470,true,200,0.625,
oci,,2,471,true,200,0.610,
oci,,2,472,true,200,0.684,
oci,,2,473,true,200,0.695,
oci,,2,474,true,200,0.583,
oci,,2,475,true,200,0.594,
oci,,2,476,true,200,0.622,
oci,,2,477,true,200,1.756,
oci,,2,478,true,200,1.739,
oci,,2,479,true,200,0.596,
oci,,2,480,true,200,0.647,
oci,,2,481,true,200,1.500,
oci,,2,482,true,200,1.446,
oci,,2,484,true,200,0.525,
oci,,2,483,true,200,0.718,
oci,,2,486,true,200,1.147,
oci,,2,485,true,200,1.332,
oci,,2,488,true,200,1.371,
oci,,2,487,true,200,1.605,
oci,,2,489,true,200,2.072,
oci,,2,490,true,200,2.026,
oci,,2,491,true,200,0.999,
oci,,2,492,true,200,0.984,
oci,,2,494,true,200,1.092,
oci,,2,493,true,200,1.278,
oci,,2,495,true,200,2.087,
oci,,2,496,true,200,2.090,
oci,,2,498,true,200,0.633,
oci,,2,497,true,200,0.809,
oci,,2,500,true,200,1.336,
oci,,2,499,true,200,1.508,
oci,,2,501,true,200,0.596,
oci,,2,502,true,200,0.603,
oci,,2,503,true,200,0.613,
oci,,2,504,true,200,0.612,
oci,,2,506,true,200,0.529,
oci,,2,505,true,200,0.703,
oci,,2,507,true,200,1.082,
oci,,2,508,true,200,1.107,
oci,,2,509,true,200,0.908,
oci,,2,510,true,200,0.885,
oci,,2,511,true,200,0.813,
oci,,2,512,true,200,0.818,
oci,,2,513,true,200,0.566,
oci,,2,514,true,200,0.573,
oci,,2,516,true,200,0.611,
oci,,2,515,true,200,0.829,
oci,,2,517,true,200,0.597,
oci,,2,518,true,200,0.614,
oci,,2,520,true,200,0.986,
oci,,2,519,true,200,1.213,
oci,,2,522,true,200,0.503,
oci,,2,521,true,200,0.687,
oci,,2,523,true,200,1.599,
oci,,2,524,true,200,1.610,
oci,,2,525,true,200,0.604,
oci,,2,526,true,200,0.643,
oci,,2,527,true,200,0.616,
oci,,2,528,true,200,0.571,
oci,,2,529,true,200,0.659,
oci,,2,530,true,200,0.650,
oci,,2,531,true,200,1.185,
oci,,2,532,true,200,1.202,
oci,,2,533,true,200,0.648,
oci,,2,534,true,200,0.743,
oci,,2,536,true,200,2.015,
oci,,2,535,true,200,2.292,
oci,,2,537,true,200,1.045,
oci,,2,538,true,200,1.048,
oci,,2,539,true,200,1.971,
oci,,2,540,true,200,2.001,
oci,,2,542,true,200,0.804,
oci,,2,541,true,200,1.015,
oci,,2,543,true,200,1.007,
oci,,2,544,true,200,1.003,
oci,,2,546,true,200,0.730,
oci,,2,545,true,200,0.903,
oci,,2,547,true,200,1.297,
oci,,2,548,true,200,1.305,
oci,,2,549,true,200,0.704,
oci,,2,550,true,200,0.711,
oci,,2,551,true,200,1.119,
oci,,2,552,true,200,1.160,
oci,,2,553,true,200,2.055,
oci,,2,554,true,200,2.010,
oci,,2,555,true,200,1.139,
oci,,2,556,true,200,1.134,
oci,,2,557,true,200,0.555,
oci,,2,558,true,200,0.592,
oci,,2,559,true,200,1.480,
oci,,2,560,true,200,1.440,
oci,,2,561,true,200,0.618,
oci,,2,562,true,200,0.727,
oci,,2,564,true,200,1.067,
oci,,2,563,true,200,1.362,
oci,,2,565,true,200,1.011,
oci,,2,566,true,200,0.989,
oci,,2,567,true,200,0.591,
oci,,2,568,true,200,0.670,
oci,,2,569,true,200,1.350,
oci,,2,570,true,200,1.387,
oci,,2,571,true,200,0.894,
oci,,2,572,true,200,0.827,
oci,,2,573,true,200,0.732,
oci,,2,574,true,200,0.710,
oci,,2,575,true,200,0.684,
oci,,2,576,true,200,0.659,
oci,,2,577,true,200,1.618,
oci,,2,578,true,200,1.636,
oci,,2,579,true,200,0.762,
oci,,2,580,true,200,0.764,
oci,,2,582,true,200,1.018,
oci,,2,581,true,200,1.207,
oci,,2,583,true,200,1.212,
oci,,2,584,true,200,1.215,
oci,,2,585,true,200,0.649,
oci,,2,586,true,200,0.649,
oci,,2,588,true,200,1.020,
oci,,2,587,true,200,1.210,
oci,,2,590,true,200,0.870,
oci,,2,589,true,200,1.060,
oci,,2,591,true,200,0.649,
oci,,2,592,true,200,0.663,
oci,,2,593,true,200,1.485,
oci,,2,594,true,200,1.460,
oci,,2,595,true,200,0.647,
oci,,2,596,true,200,0.734,
oci,,2,597,true,200,0.618,
oci,,2,598,true,200,0.630,
oci,,2,599,true,200,0.595,
oci,,2,600,true,200,0.576,
oci,,2,601,true,200,0.647,
oci,,2,602,true,200,0.615,
oci,,2,603,true,200,0.621,
oci,,2,604,true,200,0.665,
oci,,2,605,true,200,1.853,
oci,,2,606,true,200,1.768,
oci,,2,608,true,200,0.860,
oci,,2,607,true,200,1.026,
oci,,2,610,true,200,0.768,
oci,,2,609,true,200,0.933,
oci,,2,612,true,200,0.556,
oci,,2,611,true,200,0.737,
oci,,2,613,true,200,1.611,
oci,,2,614,true,200,1.652,
oci,,2,615,true,200,0.689,
oci,,2,616,true,200,0.693,
oci,,2,617,true,200,1.300,
oci,,2,618,true,200,1.247,
oci,,2,619,true,200,1.016,
oci,,2,620,true,200,1.045,
oci,,2,621,true,200,0.581,
oci,,2,622,true,200,0.543,
oci,,2,623,true,200,0.666,
oci,,2,624,true,200,0.677,
oci,,2,626,true,200,0.559,
oci,,2,625,true,200,0.756,
oci,,2,628,true,200,0.527,
oci,,2,627,true,200,0.728,
oci,,2,629,true,200,0.593,
oci,,2,630,true,200,0.583,
oci,,2,632,true,200,1.740,
oci,,2,631,true,200,1.904,
oci,,2,633,true,200,1.004,
oci,,2,634,true,200,1.004,
oci,,2,635,true,200,0.701,
oci,,2,636,true,200,0.713,
oci,,2,638,true,200,1.226,
oci,,2,637,true,200,1.450,
oci,,2,639,true,200,0.922,
oci,,2,640,true,200,0.887,
oci,,2,641,true,200,0.617,
oci,,2,642,true,200,0.737,
oci,,2,643,true,200,1.258,
oci,,2,644,true,200,1.211,
oci,,2,645,true,200,0.598,
oci,,2,646,true,200,1.929,
oci,,2,647,true,200,1.699,
oci,,2,649,true,200,0.834,
oci,,2,648,true,200,1.164,
oci,,2,651,true,200,0.767,
oci,,2,650,true,200,0.968,
oci,,2,653,true,200,0.694,
oci,,2,652,true,200,0.944,
oci,,2,654,true,200,0.604,
oci,,2,655,true,200,0.737,
oci,,2,656,true,200,1.771,
oci,,2,657,true,200,1.637,
oci,,2,659,true,200,0.598,
oci,,2,658,true,200,0.777,
oci,,2,660,true,200,0.720,
oci,,2,661,true,200,0.764,
oci,,2,663,true,200,0.513,
oci,,2,662,true,200,0.724,
oci,,2,664,true,200,0.646,
oci,,2,665,true,200,0.652,
oci,,2,666,true,200,0.697,
oci,,2,667,true,200,0.692,
oci,,2,669,true,200,1.137,
oci,,2,668,true,200,1.314,
oci,,2,670,true,200,1.378,
oci,,2,671,true,200,1.367,
oci,,2,672,true,200,0.603,
oci,,2,673,true,200,0.662,
oci,,2,674,true,200,1.231,
oci,,2,675,true,200,1.179,
oci,,2,676,true,200,0.543,
oci,,2,677,true,200,0.644,
oci,,2,679,true,200,1.365,
oci,,2,678,true,200,1.655,
oci,,2,680,true,200,0.664,
oci,,2,681,true,200,0.733,
oci,,2,682,true,200,1.308,
oci,,2,683,true,200,1.231,
oci,,2,684,true,200,0.604,
oci,,2,685,true,200,0.705,
oci,,2,686,true,200,2.191,
oci,,2,687,true,200,2.097,
oci,,2,688,true,200,0.696,
oci,,2,689,true,200,0.694,
oci,,2,690,true,200,0.663,
oci,,2,691,true,200,0.655,
oci,,2,693,true,200,0.619,
oci,,2,692,true,200,0.791,
oci,,2,694,true,200,0.667,
oci,,2,695,true,200,0.669,
oci,,2,696,true,200,0.622,
oci,,2,697,true,200,0.771,
oci,,2,699,true,200,1.441,
oci,,2,698,true,200,1.808,
oci,,2,700,true,200,0.682,
oci,,2,701,true,200,0.652,
oci,,2,702,true,200,0.597,
oci,,2,703,true,200,0.647,
oci,,2,704,true,200,0.568,
oci,,2,705,true,200,0.561,
oci,,2,706,true,200,0.613,
oci,,2,707,true,200,0.628,
oci,,2,708,true,200,1.419,
oci,,2,709,true,200,1.357,
oci,,2,710,true,200,1.104,
oci,,2,711,true,200,1.101,
oci,,2,712,true,200,0.578,
oci,,2,713,true,200,1.903,
oci,,2,714,true,200,1.600,
oci,,2,715,true,200,0.641,
oci,,2,716,true,200,1.801,
oci,,2,717,true,200,1.541,
oci,,2,718,true,200,0.711,
oci,,2,719,true,200,0.684,
oci,,2,720,true,200,1.101,
oci,,2,721,true,200,1.099,
oci,,2,722,true,200,0.959,
oci,,2,723,true,200,0.951,
oci,,2,724,true,200,0.989,
oci,,2,725,true,200,0.984,
oci,,2,726,true,200,1.244,
oci,,2,727,true,200,1.174,
oci,,2,729,true,200,0.838,
oci,,2,728,true,200,0.980,
oci,,2,730,true,200,1.905,
oci,,2,731,true,200,2.252,
oci,,2,732,true,200,1.490,
oci,,2,733,true,200,1.197,
oci,,2,735,true,200,0.602,
oci,,2,734,true,200,0.792,
oci,,2,736,true,200,0.689,
oci,,2,737,true,200,0.698,
oci,,2,738,true,200,2.131,
oci,,2,739,true,200,2.119,
oci,,2,741,true,200,0.622,
oci,,2,740,true,200,0.791,
oci,,2,742,true,200,2.226,
oci,,2,743,true,200,2.219,
oci,,2,744,true,200,0.477,
oci,,2,745,true,200,0.536,
oci,,2,747,true,200,0.484,
oci,,2,746,true,200,0.737,
oci,,2,748,true,200,0.793,
oci,,2,749,true,200,0.793,
oci,,2,750,true,200,0.959,
oci,,2,751,true,200,2.094,
oci,,2,752,true,200,1.335,
oci,,2,753,true,200,0.738,
oci,,2,754,true,200,0.846,
oci,,2,755,true,200,0.609,
oci,,2,756,true,200,0.604,
oci,,2,757,true,200,0.625,
oci,,2,758,true,200,0.549,
oci,,2,759,true,200,0.724,
oci,,2,760,true,200,1.835,
oci,,2,761,true,200,1.368,
oci,,2,762,true,200,1.991,
oci,,2,763,true,200,1.966,
oci,,2,764,true,200,0.640,
oci,,2,765,true,200,0.604,
oci,,2,766,true,200,1.515,
oci,,2,767,true,200,1.541,
oci,,2,768,true,200,0.689,
oci,,2,769,true,200,0.704,
oci,,2,770,true,200,0.604,
oci,,2,771,true,200,0.682,
oci,,2,772,true,200,1.533,
oci,,2,773,true,200,2.258,
oci,,2,774,true,200,1.043,
oci,,2,775,true,200,0.924,
oci,,2,776,true,200,0.896,
oci,,2,777,true,200,0.602,
oci,,2,778,true,200,0.733,
oci,,2,780,true,200,1.501,
oci,,2,779,true,200,1.818,
oci,,2,781,true,200,1.841,
oci,,2,782,true,200,1.862,
oci,,2,783,true,200,0.787,
oci,,2,784,true,200,0.770,
oci,,2,785,true,200,1.229,
oci,,2,786,true,200,1.223,
oci,,2,787,true,200,0.850,
oci,,2,788,true,200,0.855,
oci,,2,790,true,200,0.735,
oci,,2,789,true,200,0.945,
oci,,2,791,true,200,0.556,
oci,,2,792,true,200,0.982,
oci,,2,793,true,200,0.735,
oci,,2,794,true,200,0.998,
oci,,2,795,true,200,0.978,
oci,,2,796,true,200,0.603,
oci,,2,797,true,200,0.623,
oci,,2,798,true,200,0.616,
oci,,2,799,true,200,0.610,
oci,,2,800,true,200,0.668,
oci,,2,801,true,200,0.656,
oci,,2,802,true,200,0.598,
oci,,2,803,true,200,0.896,
oci,,2,804,true,200,0.650,
oci,,2,805,true,200,0.981,
oci,,2,806,true,200,0.929,
oci,,2,807,true,200,1.194,
oci,,2,808,true,200,1.164,
oci,,2,809,true,200,0.875,
oci,,2,810,true,200,0.874,
oci,,2,811,true,200,1.361,
oci,,2,812,true,200,1.372,
oci,,2,813,true,200,0.749,
oci,,2,814,true,200,0.729,
oci,,2,815,true,200,0.862,
oci,,2,816,true,200,0.862,
oci,,2,818,true,200,0.511,
oci,,2,817,true,200,0.726,
oci,,2,819,true,200,1.450,
oci,,2,820,true,200,1.466,
oci,,2,821,true,200,0.873,
oci,,2,822,true,200,0.813,
oci,,2,824,true,200,0.497,
oci,,2,823,true,200,0.704,
oci,,2,825,true,200,0.550,
oci,,2,826,true,200,0.522,
oci,,2,828,true,200,0.705,
oci,,2,827,true,200,0.883,
oci,,2,830,true,200,0.551,
oci,,2,829,true,200,0.716,
oci,,2,831,true,200,0.607,
oci,,2,832,true,200,0.608,
oci,,2,833,true,200,0.871,
oci,,2,834,true,200,0.881,
oci,,2,836,true,200,2.009,
oci,,2,835,true,200,2.180,
oci,,2,838,true,200,0.647,
oci,,2,837,true,200,0.810,
oci,,2,839,true,200,1.052,
oci,,2,840,true,200,1.057,
oci,,2,841,true,200,0.584,
oci,,2,842,true,200,0.632,
oci,,2,843,true,200,0.633,
oci,,2,844,true,200,0.588,
oci,,2,845,true,200,0.708,
oci,,2,846,true,200,1.895,
oci,,2,847,true,200,1.371,
oci,,2,848,true,200,0.897,
oci,,2,849,true,200,0.889,
oci,,2,850,true,200,0.610,
oci,,2,851,true,200,0.647,
oci,,2,852,true,200,0.608,
oci,,2,853,true,200,0.805,
oci,,2,854,true,200,0.630,
oci,,2,856,true,200,1.380,
oci,,2,855,true,200,1.868,
oci,,2,857,true,200,0.816,
oci,,2,858,true,200,0.820,
oci,,2,860,true,200,0.710,
oci,,2,859,true,200,1.079,
oci,,2,861,true,200,0.735,
oci,,2,862,true,200,0.712,
oci,,2,864,true,200,1.148,
oci,,2,863,true,200,1.479,
oci,,2,865,true,200,0.839,
oci,,2,866,true,200,0.852,
oci,,2,867,true,200,0.605,
oci,,2,868,true,200,0.661,
oci,,2,869,true,200,0.634,
oci,,2,870,true,200,0.679,
oci,,2,871,true,200,0.695,
oci,,2,872,true,200,1.629,
oci,,2,873,true,200,1.409,
oci,,2,874,true,200,1.027,
oci,,2,875,true,200,0.983,
oci,,2,877,true,200,0.608,
oci,,2,876,true,200,0.960,
oci,,2,878,true,200,1.089,
oci,,2,879,true,200,1.061,
oci,,2,880,true,200,1.171,
oci,,2,881,true,200,1.210,
oci,,2,882,true,200,0.821,
oci,,2,883,true,200,0.802,
oci,,2,884,true,200,2.176,
oci,,2,885,true,200,2.190,
oci,,2,887,true,200,0.603,
oci,,2,886,true,200,0.958,
oci,,2,889,true,200,1.995,
oci,,2,888,true,200,2.357,
oci,,2,890,true,200,1.922,
oci,,2,891,true,200,1.925,
oci,,2,892,true,200,0.968,
oci,,2,893,true,200,0.960,
oci,,2,894,true,200,0.816,
oci,,2,895,true,200,1.633,
oci,,2,896,true,200,1.180,
oci,,2,898,true,200,0.644,
oci,,2,897,true,200,1.006,
oci,,2,899,true,200,0.760,
oci,,2,900,true,200,0.749,
oci,,2,901,true,200,0.844,
oci,,2,902,true,200,0.876,
oci,,2,903,true,200,1.658,
oci,,2,904,true,200,1.621,
oci,,2,906,true,200,0.815,
oci,,2,905,true,200,1.144,
oci,,2,907,true,200,0.856,
oci,,2,908,true,200,0.834,
oci,,2,910,true,200,0.882,
oci,,2,909,true,200,1.195,
oci,,2,911,true,200,0.721,
oci,,2,912,true,200,0.722,
oci,,2,914,true,200,1.155,
oci,,2,913,true,200,1.487,
oci,,2,916,true,200,0.710,
oci,,2,915,true,200,1.019,
oci,,2,917,true,200,0.791,
oci,,2,918,true,200,0.813,
oci,,2,919,true,200,0.636,
oci,,2,920,true,200,0.620,
oci,,2,921,true,200,0.654,
oci,,2,922,true,200,0.672,
oci,,2,923,true,200,0.812,
oci,,2,924,true,200,0.807,
oci,,2,925,true,200,0.695,
oci,,2,926,true,200,0.702,
oci,,2,927,true,200,1.574,
oci,,2,928,true,200,1.584,
oci,,2,929,true,200,0.701,
oci,,2,930,true,200,1.717,
oci,,2,931,true,200,1.343,
oci,,2,932,true,200,1.002,
oci,,2,933,true,200,0.999,
oci,,2,934,true,200,2.011,
oci,,2,935,true,200,1.998,
oci,,2,936,true,200,0.857,
oci,,2,937,true,200,0.914,
oci,,2,938,true,200,0.739,
oci,,2,939,true,200,0.720,
oci,,2,940,true,200,1.406,
oci,,2,941,true,200,1.401,
oci,,2,942,true,200,1.114,
oci,,2,943,true,200,1.147,
oci,,2,944,true,200,1.807,
oci,,2,945,true,200,1.818,
oci,,2,947,true,200,0.686,
oci,,2,946,true,200,1.016,
oci,,2,948,true,200,1.008,
oci,,2,949,true,200,0.976,
oci,,2,950,true,200,0.813,
oci,,2,951,true,200,0.848,
oci,,2,952,true,200,1.149,
oci,,2,953,true,200,1.136,
oci,,2,954,true,200,0.826,
oci,,2,955,true,200,0.836,
oci,,2,956,true,200,0.671,
oci,,2,957,true,200,0.679,
oci,,2,958,true,200,0.660,
oci,,2,959,true,200,0.648,
oci,,2,961,true,200,0.623,
oci,,2,960,true,200,0.940,
oci,,2,963,true,200,0.893,
oci,,2,962,true,200,1.223,
oci,,2,964,true,200,0.664,
oci,,2,965,true,200,0.655,
oci,,2,967,true,200,0.667,
oci,,2,966,true,200,0.981,
oci,,2,968,true,200,1.500,
oci,,2,969,true,200,1.545,
oci,,2,970,true,200,2.550,
oci,,2,971,true,200,2.577,
oci,,2,973,true,200,0.783,
oci,,2,972,true,200,1.182,
oci,,2,974,true,200,1.498,
oci,,2,975,true,200,1.494,
oci,,2,976,true,200,0.864,
oci,,2,977,true,200,0.836,
oci,,2,979,true,200,0.821,
oci,,2,978,true,200,1.143,
oci,,2,980,true,200,0.639,
oci,,2,981,true,200,1.975,
oci,,2,982,true,200,1.671,
oci,,2,983,true,200,0.801,
oci,,2,984,true,200,0.771,
oci,,2,985,true,200,0.634,
oci,,2,986,true,200,0.662,
oci,,2,987,true,200,0.652,
oci,,2,988,true,200,0.721,
oci,,2,989,true,200,0.621,
oci,,2,990,true,200,1.442,
oci,,2,991,true,200,1.208,
oci,,2,992,true,200,1.996,
oci,,2,993,true,200,1.987,
oci,,2,994,true,200,0.824,
oci,,2,995,true,200,0.858,
oci,,2,996,true,200,0.684,
oci,,2,997,true,200,0.664,
oci,,2,999,true,200,1.519,
oci,,2,998,true,200,1.886,
oci,,2,1000,true,200,1.911,
oci,,2,1001,true,200,1.903,
oci,,2,1002,true,200,0.900,
oci,,2,1003,true,200,0.898,
oci,,2,1004,true,200,0.726,
oci,,2,1005,true,200,0.735,
oci,,2,1006,true,200,0.690,
oci,,2,1007,true,200,0.704,
oci,,2,1008,true,200,1.662,
oci,,2,1009,true,200,1.641,
oci,,2,1010,true,200,1.879,
oci,,2,1011,true,200,1.875,
oci,,2,1013,true,200,0.686,
oci,,2,1012,true,200,1.028,
oci,,2,1014,true,200,0.703,
oci,,2,1015,true,200,0.689,
oci,,2,1016,true,200,2.334,
oci,,2,1017,true,200,2.340,
oci,,2,1018,true,200,0.965,
oci,,2,1019,true,200,0.965,
oci,,2,1020,true,200,0.968,
oci,,2,1021,true,200,0.986,
oci,,2,1022,true,200,0.686,
oci,,2,1023,true,200,0.693,
oci,,2,1024,true,200,1.420,
oci,,2,1025,true,200,1.428,
oci,,2,1026,true,200,0.695,
oci,,2,1027,true,200,0.668,
oci,,2,1028,true,200,1.313,
oci,,2,1029,true,200,1.301,
oci,,2,1031,true,200,1.773,
oci,,2,1030,true,200,2.094,
oci,,2,1032,true,200,0.742,
oci,,2,1033,true,200,0.729,
oci,,2,1034,true,200,1.196,
oci,,2,1035,true,200,1.180,
oci,,2,1037,true,200,0.686,
oci,,2,1036,true,200,0.969,
oci,,2,1038,true,200,0.794,
oci,,2,1039,true,200,0.809,
oci,,2,1040,true,200,0.806,
oci,,2,1041,true,200,0.807,
oci,,2,1043,true,200,1.471,
oci,,2,1042,true,200,1.790,
oci,,2,1044,true,200,0.640,
oci,,2,1045,true,200,0.651,
oci,,2,1046,true,200,1.082,
oci,,2,1047,true,200,1.068,
oci,,2,1049,true,200,0.732,
oci,,2,1048,true,200,1.063,
oci,,2,1050,true,200,0.657,
oci,,2,1051,true,200,0.660,
oci,,2,1052,true,200,0.631,
oci,,2,1053,true,200,1.019,
oci,,2,1054,true,200,0.728,
oci,,2,1055,true,200,0.631,
oci,,2,1056,true,200,0.607,
oci,,2,1057,true,200,0.670,
oci,,2,1058,true,200,0.684,
oci,,2,1060,true,200,0.824,
oci,,2,1059,true,200,1.130,
oci,,2,1062,true,200,0.926,
oci,,2,1061,true,200,1.213,
oci,,2,1063,true,200,0.630,
oci,,2,1064,true,200,0.616,
oci,,2,1065,true,200,1.480,
oci,,2,1066,true,200,1.505,
oci,,2,1067,true,200,0.680,
oci,,2,1068,true,200,0.669,
oci,,2,1069,true,200,0.959,
oci,,2,1070,true,200,0.955,
oci,,2,1071,true,200,1.151,
oci,,2,1072,true,200,1.142,
oci,,2,1073,true,200,0.816,
oci,,2,1074,true,200,0.835,
oci,,2,1075,true,200,0.768,
oci,,2,1076,true,200,0.759,
oci,,2,1077,true,200,0.765,
oci,,2,1078,true,200,0.788,
oci,,2,1079,true,200,0.667,
oci,,2,1080,true,200,0.654,
oci,,2,1081,true,200,0.967,
oci,,2,1082,true,200,0.957,
oci,,2,1084,true,200,0.870,
oci,,2,1083,true,200,1.198,
oci,,2,1085,true,200,2.062,
oci,,2,1086,true,200,2.279,
oci,,2,1087,true,200,2.825,
oci,,2,1088,true,200,2.595,
oci,,2,1089,true,200,2.235,
oci,,2,1090,true,200,2.467,
oci,,2,1092,true,200,0.842,
oci,,2,1091,true,200,1.393,
oci,,2,1093,true,200,1.547,
oci,,2,1094,true,200,1.579,
oci,,2,1095,true,200,0.846,
oci,,2,1096,true,200,0.820,
oci,,2,1097,true,200,1.064,
oci,,2,1098,true,200,1.054,
oci,,2,1100,true,200,2.001,
oci,,2,1099,true,200,2.609,
oci,,2,1101,true,200,0.924,
oci,,2,1102,true,200,0.646,
oci,,2,1103,true,200,0.673,
oci,,2,1104,true,200,0.682,
oci,,2,1105,true,200,0.848,
oci,,2,1106,true,200,0.839,
oci,,2,1107,true,200,0.638,
oci,,2,1108,true,200,0.614,
oci,,2,1110,true,200,0.655,
oci,,2,1109,true,200,0.936,
oci,,2,1111,true,200,0.839,
oci,,2,1112,true,200,0.839,
oci,,2,1113,true,200,0.835,
oci,,2,1114,true,200,0.864,
oci,,2,1115,true,200,0.703,
oci,,2,1116,true,200,0.676,
oci,,2,1117,true,200,0.781,
oci,,2,1118,true,200,0.812,
oci,,2,1119,true,200,0.670,
oci,,2,1120,true,200,0.654,
oci,,2,1122,true,200,0.822,
oci,,2,1121,true,200,1.137,
oci,,2,1123,true,200,0.653,
oci,,2,1124,true,200,0.650,
oci,,2,1126,true,200,1.417,
oci,,2,1125,true,200,1.718,
oci,,2,1128,true,200,5.511,
oci,,2,1127,true,200,5.826,
oci,,2,1129,true,200,1.237,
oci,,2,1130,true,200,1.255,
oci,,2,1132,true,200,0.719,
oci,,2,1131,true,200,1.058,
oci,,2,1133,true,200,0.632,
oci,,2,1134,true,200,0.701,
oci,,2,1136,true,200,1.134,
oci,,2,1135,true,200,1.574,
oci,,2,1138,true,200,2.882,
oci,,2,1137,true,200,3.513,
oci,,2,1139,true,200,0.959,
oci,,2,1140,true,200,0.686,
oci,,2,1141,true,200,0.784,
oci,,2,1142,true,200,0.798,
oci,,2,1143,true,200,0.678,
oci,,2,1144,true,200,0.704,
oci,,2,1146,true,200,0.661,
oci,,2,1145,true,200,1.025,
oci,,2,1147,true,200,2.546,
oci,,2,1148,true,200,2.559,
oci,,2,1149,true,200,0.768,
oci,,2,1150,true,200,0.750,
oci,,2,1151,true,200,0.818,
oci,,2,1152,true,200,0.818,
oci,,2,1153,true,200,0.640,
oci,,2,1154,true,200,0.643,
oci,,2,1155,true,200,0.691,
oci,,2,1156,true,200,0.681,
oci,,2,1157,true,200,1.049,
oci,,2,1158,true,200,1.047,
oci,,2,1159,true,200,0.813,
oci,,2,1160,true,200,0.794,
oci,,2,1161,true,200,0.784,
oci,,2,1162,true,200,0.804,
oci,,2,1163,true,200,0.663,
oci,,2,1164,true,200,0.666,
oci,,2,1165,true,200,0.675,
oci,,2,1166,true,200,0.684,
oci,,2,1167,true,200,0.755,
oci,,2,1168,true,200,0.740,
oci,,2,1169,true,200,1.182,
oci,,2,1170,true,200,1.200,
oci,,2,1171,true,200,0.715,
oci,,2,1172,true,200,0.710,
oci,,2,1173,true,200,2.368,
oci,,2,1174,true,200,2.558,
oci,,2,1175,true,200,0.969,
oci,,2,1176,true,200,0.766,
oci,,2,1177,true,200,0.666,
oci,,2,1178,true,200,0.676,
oci,,2,1179,true,200,1.350,
oci,,2,1180,true,200,1.349,
oci,,2,1181,true,200,0.723,
oci,,2,1182,true,200,0.724,
oci,,2,1183,true,200,1.251,
oci,,2,1184,true,200,1.245,
oci,,2,1185,true,200,0.731,
oci,,2,1186,true,200,0.719,
oci,,2,1188,true,200,0.910,
oci,,2,1187,true,200,1.224,
oci,,2,1189,true,200,0.816,
oci,,2,1190,true,200,0.856,
oci,,2,1191,true,200,1.254,
oci,,2,1192,true,200,1.222,
oci,,2,1194,true,200,0.731,
oci,,2,1193,true,200,1.065,
oci,,2,1195,true,200,0.692,
oci,,2,1196,true,200,0.678,
oci,,2,1197,true,200,1.570,
oci,,2,1198,true,200,1.600,
oci,,2,1199,true,200,0.822,
oci,,2,1200,true,200,0.791,
oci,,2,1201,true,200,0.755,
oci,,2,1202,true,200,0.756,
oci,,2,1204,true,200,0.662,
oci,,2,1203,true,200,1.139,
oci,,2,1205,true,200,1.859,
oci,,2,1206,true,200,1.717,
oci,,2,1207,true,200,1.806,
oci,,2,1208,true,200,1.793,
oci,,2,1210,true,200,0.738,
oci,,2,1209,true,200,1.077,
oci,,2,1212,true,200,1.728,
oci,,2,1211,true,200,2.067,
oci,,2,1213,true,200,0.678,
oci,,2,1214,true,200,0.703,
oci,,2,1215,true,200,1.153,
oci,,2,1216,true,200,1.122,
oci,,2,1218,true,200,0.760,
oci,,2,1217,true,200,1.105,
oci,,2,1219,true,200,0.716,
oci,,2,1220,true,200,0.676,
oci,,2,1221,true,200,2.301,
oci,,2,1222,true,200,2.301,
oci,,2,1223,true,200,0.922,
oci,,2,1224,true,200,0.954,
oci,,2,1225,true,200,0.868,
oci,,2,1226,true,200,0.875,
oci,,2,1227,true,200,0.740,
oci,,2,1228,true,200,0.716,
oci,,2,1229,true,200,0.685,
oci,,2,1230,true,200,0.633,
oci,,2,1232,true,200,0.660,
oci,,2,1231,true,200,0.929,
oci,,2,1233,true,200,0.662,
oci,,2,1234,true,200,1.696,
oci,,2,1235,true,200,1.382,
oci,,2,1236,true,200,0.742,
oci,,2,1237,true,200,0.710,
oci,,2,1238,true,200,0.619,
oci,,2,1239,true,200,0.698,
oci,,2,1240,true,200,0.622,
oci,,2,1241,true,200,1.214,
oci,,2,1242,true,200,0.990,
oci,,2,1244,true,200,1.073,
oci,,2,1243,true,200,1.445,
oci,,2,1245,true,200,0.938,
oci,,2,1246,true,200,0.897,
oci,,2,1248,true,200,0.732,
oci,,2,1247,true,200,1.066,
oci,,2,1250,true,200,0.774,
oci,,2,1249,true,200,1.123,
oci,,2,1251,true,200,0.656,
oci,,2,1252,true,200,0.699,
oci,,2,1254,true,200,1.157,
oci,,2,1253,true,200,1.536,
oci,,2,1255,true,200,0.745,
oci,,2,1256,true,200,0.739,
oci,,2,1257,true,200,0.629,
oci,,2,1258,true,200,0.640,
oci,,2,1259,true,200,0.842,
oci,,2,1260,true,200,0.826,
oci,,2,1262,true,200,1.591,
oci,,2,1261,true,200,1.910,
oci,,2,1264,true,200,0.752,
oci,,2,1263,true,200,1.068,
oci,,2,1265,true,200,0.830,
oci,,2,1266,true,200,0.836,
oci,,2,1268,true,200,1.111,
oci,,2,1267,true,200,1.422,
oci,,2,1269,true,200,0.687,
oci,,2,1270,true,200,0.690,
oci,,2,1272,true,200,1.078,
oci,,2,1271,true,200,1.399,
oci,,2,1273,true,200,0.737,
oci,,2,1274,true,200,0.733,
oci,,2,1275,true,200,0.641,
oci,,2,1276,true,200,0.694,
oci,,2,1277,true,200,1.631,
oci,,2,1278,true,200,1.632,
oci,,2,1279,true,200,0.746,
oci,,2,1280,true,200,0.690,
oci,,2,1281,true,200,0.749,
oci,,2,1282,true,200,0.759,
oci,,2,1284,true,200,0.628,
oci,,2,1283,true,200,1.167,
oci,,2,1285,true,200,0.585,
oci,,2,1286,true,200,0.566,
oci,,2,1287,true,200,0.819,
oci,,2,1288,true,200,0.614,
oci,,2,1290,true,200,2.049,
oci,,2,1289,true,200,2.341,
oci,,2,1292,true,200,0.761,
oci,,2,1291,true,200,1.068,
oci,,2,1293,true,200,1.036,
oci,,2,1294,true,200,1.019,
oci,,2,1296,true,200,0.713,
oci,,2,1295,true,200,1.045,
oci,,2,1297,true,200,1.154,
oci,,2,1298,true,200,1.114,
oci,,2,1300,true,200,0.793,
oci,,2,1299,true,200,1.089,
oci,,2,1301,true,200,0.778,
oci,,2,1302,true,200,0.756,
oci,,2,1303,true,200,1.395,
oci,,2,1304,true,200,1.428,
oci,,2,1305,true,200,0.710,
oci,,2,1306,true,200,0.703,
oci,,2,1307,true,200,0.592,
oci,,2,1308,true,200,0.599,
oci,,2,1309,true,200,1.862,
oci,,2,1310,true,200,2.158,
oci,,2,1311,true,200,1.067,
oci,,2,1312,true,200,0.783,
oci,,2,1313,true,200,0.655,
oci,,2,1314,true,200,0.637,
oci,,2,1315,true,200,1.930,
oci,,2,1316,true,200,1.919,
oci,,2,1317,true,200,0.760,
oci,,2,1318,true,200,0.799,
oci,,2,1319,true,200,1.218,
oci,,2,1320,true,200,1.174,
oci,,2,1322,true,200,0.659,
oci,,2,1321,true,200,0.967,
oci,,2,1323,true,200,1.015,
oci,,2,1324,true,200,0.994,
oci,,2,1326,true,200,0.640,
oci,,2,1325,true,200,0.949,
oci,,2,1327,true,200,0.803,
oci,,2,1328,true,200,0.812,
oci,,2,1329,true,200,1.554,
oci,,2,1330,true,200,1.550,
oci,,2,1331,true,200,0.698,
oci,,2,1332,true,200,0.718,
oci,,2,1333,true,200,0.685,
oci,,2,1334,true,200,0.684,
oci,,2,1335,true,200,0.658,
oci,,2,1336,true,200,0.618,
oci,,2,1338,true,200,0.639,
oci,,2,1337,true,200,0.915,
oci,,2,1339,true,200,0.896,
oci,,2,1340,true,200,0.872,
oci,,2,1341,true,200,0.817,
oci,,2,1342,true,200,0.858,
oci,,2,1343,true,200,0.809,
oci,,2,1344,true,200,0.827,
oci,,2,1345,true,200,1.585,
oci,,2,1346,true,200,1.616,
oci,,2,1347,true,200,0.783,
oci,,2,1348,true,200,0.803,
oci,,2,1349,true,200,1.048,
oci,,2,1350,true,200,1.013,
oci,,2,1351,true,200,1.033,
oci,,2,1352,true,200,1.028,
oci,,2,1353,true,200,0.638,
oci,,2,1354,true,200,0.637,
oci,,2,1355,true,200,2.335,
oci,,2,1356,true,200,2.382,
oci,,2,1358,true,200,1.854,
oci,,2,1357,true,200,2.238,
oci,,2,1359,true,200,0.679,
oci,,2,1360,true,200,1.670,
oci,,2,1361,true,200,1.356,
oci,,2,1362,true,200,1.164,
oci,,2,1363,true,200,1.126,
oci,,2,1365,true,200,0.640,
oci,,2,1364,true,200,0.945,
oci,,2,1367,true,200,0.874,
oci,,2,1366,true,200,1.181,
oci,,2,1368,true,200,1.001,
oci,,2,1369,true,200,1.022,
oci,,2,1370,true,200,0.873,
oci,,2,1371,true,200,0.844,
oci,,2,1373,true,200,0.669,
oci,,2,1372,true,200,0.980,
oci,,2,1374,true,200,1.387,
oci,,2,1375,true,200,1.392,
oci,,2,1377,true,200,0.694,
oci,,2,1376,true,200,1.044,
oci,,2,1378,true,200,0.946,
oci,,2,1379,true,200,1.061,
oci,,2,1380,true,200,1.066,
oci,,2,1381,true,200,0.972,
oci,,2,1382,true,200,0.961,
oci,,2,1383,true,200,1.000,
oci,,2,1384,true,200,0.760,
oci,,2,1385,true,200,0.725,
oci,,2,1386,true,200,0.715,
oci,,2,1387,true,200,0.742,
oci,,2,1388,true,200,0.754,
oci,,2,1389,true,200,0.735,
oci,,2,1390,true,200,0.715,
oci,,2,1391,true,200,0.663,
oci,,2,1393,true,200,0.778,
oci,,2,1392,true,200,1.118,
oci,,2,1394,true,200,0.781,
oci,,2,1395,true,200,0.837,
oci,,2,1396,true,200,0.897,
oci,,2,1397,true,200,0.861,
oci,,2,1399,true,200,2.264,
oci,,2,1398,true,200,2.708,
oci,,2,1400,true,200,1.900,
oci,,2,1401,true,200,1.876,
oci,,2,1402,true,200,0.795,
oci,,2,1403,true,200,0.792,
oci,,2,1405,true,200,0.736,
oci,,2,1404,true,200,1.160,
oci,,2,1406,true,200,0.759,
oci,,2,1407,true,200,0.754,
oci,,2,1408,true,200,0.695,
oci,,2,1409,true,200,0.665,
oci,,2,1410,true,200,0.676,
oci,,2,1411,true,200,0.692,
oci,,2,1412,true,200,0.703,
oci,,2,1413,true,200,0.677,
oci,,2,1414,true,200,0.823,
oci,,2,1415,true,200,0.827,
oci,,2,1417,true,200,0.618,
oci,,2,1416,true,200,0.955,
oci,,2,1418,true,200,0.648,
oci,,2,1419,true,200,0.647,
oci,,2,1420,true,200,0.872,
oci,,2,1421,true,200,0.858,
oci,,2,1423,true,200,0.622,
oci,,2,1422,true,200,0.926,
oci,,2,1425,true,200,0.688,
oci,,2,1424,true,200,0.981,
oci,,2,1427,true,200,0.624,
oci,,2,1426,true,200,0.912,
oci,,2,1428,true,200,0.781,
oci,,2,1429,true,200,0.840,
oci,,2,1430,true,200,0.659,
oci,,2,1431,true,200,1.665,
oci,,2,1432,true,200,1.376,
oci,,2,1433,true,200,0.666,
oci,,2,1434,true,200,0.649,
oci,,2,1435,true,200,0.633,
oci,,2,1436,true,200,0.634,
oci,,2,1438,true,200,0.669,
oci,,2,1437,true,200,1.000,
oci,,2,1439,true,200,0.891,
oci,,2,1440,true,200,0.854,
oci,,2,1441,true,200,1.004,
oci,,2,1442,true,200,1.059,
oci,,2,1443,true,200,3.247,
oci,,2,1444,true,200,3.273,
oci,,2,1446,true,200,0.758,
oci,,2,1445,true,200,1.149,
oci,,2,1447,true,200,0.664,
oci,,2,1448,true,200,0.649,
oci,,2,1449,true,200,0.659,
oci,,2,1450,true,200,0.690,
oci,,2,1451,true,200,0.786,
oci,,2,1452,true,200,0.762,
oci,,2,1454,true,200,1.488,
oci,,2,1453,true,200,1.831,
oci,,2,1455,true,200,0.858,
oci,,2,1456,true,200,0.844,
oci,,2,1457,true,200,0.691,
oci,,2,1458,true,200,0.671,
oci,,2,1459,true,200,1.347,
oci,,2,1460,true,200,1.341,
oci,,2,1461,true,200,0.806,
oci,,2,1462,true,200,0.837,
oci,,2,1463,true,200,0.658,
oci,,2,1464,true,200,0.653,
oci,,2,1465,true,200,1.808,
oci,,2,1466,true,200,1.800,
oci,,2,1467,true,200,0.809,
oci,,2,1468,true,200,0.792,
oci,,2,1469,true,200,0.724,
oci,,2,1470,true,200,0.734,
oci,,2,1472,true,200,1.115,
oci,,2,1471,true,200,1.424,
oci,,2,1473,true,200,0.766,
oci,,2,1474,true,200,0.775,
oci,,2,1475,true,200,0.796,
oci,,2,1476,true,200,0.777,
oci,,2,1478,true,200,2.081,
oci,,2,1477,true,200,2.381,
oci,,2,1479,true,200,1.072,
oci,,2,1480,true,200,1.103,
oci,,2,1482,true,200,0.709,
oci,,2,1481,true,200,1.034,
oci,,2,1484,true,200,0.636,
oci,,2,1483,true,200,0.954,
oci,,2,1485,true,200,0.640,
oci,,2,1486,true,200,0.707,
oci,,2,1488,true,200,1.695,
oci,,2,1487,true,200,2.325,
oci,,2,1490,true,200,1.671,
oci,,2,1489,true,200,2.277,
oci,,2,1491,true,200,1.017,
oci,,2,1492,true,200,1.032,
oci,,2,1494,true,200,1.528,
oci,,2,1493,true,200,1.939,
oci,,2,1496,true,200,1.197,
oci,,2,1495,true,200,1.706,
oci,,2,1498,true,200,1.442,
oci,,2,1497,true,200,1.970,
oci,,2,1500,true,200,0.824,
oci,,2,1499,true,200,1.273,
oci,,2,1501,true,200,1.409,
oci,,2,1502,true,200,1.375,
oci,,2,1503,true,200,0.707,
oci,,2,1504,true,200,0.696,
oci,,2,1505,true,200,0.847,
oci,,2,1506,true,200,0.851,
oci,,2,1507,true,200,1.663,
oci,,2,1508,true,200,1.601,
oci,,2,1510,true,200,0.702,
oci,,2,1509,true,200,0.974,
oci,,2,1511,true,200,0.836,
oci,,2,1512,true,200,0.866,
oci,,2,1513,true,200,1.250,
oci,,2,1514,true,200,1.208,
oci,,2,1515,true,200,1.008,
oci,,2,1516,true,200,1.054,
oci,,2,1517,true,200,2.988,
oci,,2,1518,true,200,2.910,
oci,,2,1519,true,200,1.124,
oci,,2,1520,true,200,1.208,
oci,,2,1521,true,200,0.802,
oci,,2,1522,true,200,0.760,
oci,,2,1524,true,200,0.745,
oci,,2,1523,true,200,1.058,
oci,,2,1526,true,200,0.863,
oci,,2,1525,true,200,1.166,
oci,,2,1528,true,200,1.907,
oci,,2,1527,true,200,2.222,
oci,,2,1530,true,200,0.732,
oci,,2,1529,true,200,1.089,
oci,,2,1531,true,200,2.069,
oci,,2,1532,true,200,2.072,
oci,,2,1533,true,200,0.751,
oci,,2,1534,true,200,0.724,
oci,,2,1535,true,200,0.687,
oci,,2,1536,true,200,0.808,
oci,,2,1537,true,200,0.676,
oci,,2,1538,true,200,0.722,
oci,,2,1539,true,200,0.687,
oci,,2,1540,true,200,0.589,
oci,,2,1541,true,200,0.627,
oci,,2,1542,true,200,0.645,
oci,,2,1543,true,200,0.692,
oci,,2,1544,true,200,0.645,
oci,,2,1545,true,200,0.720,
oci,,2,1546,true,200,0.657,
oci,,2,1548,true,200,0.648,
oci,,2,1547,true,200,0.983,
oci,,2,1549,true,200,0.997,
oci,,2,1550,true,200,1.092,
oci,,2,1552,true,200,1.791,
oci,,2,1551,true,200,2.237,
oci,,2,1553,true,200,0.659,
oci,,2,1554,true,200,0.659,
oci,,2,1556,true,200,0.686,
oci,,2,1555,true,200,1.035,
oci,,2,1557,true,200,1.524,
oci,,2,1558,true,200,1.524,
oci,,2,1560,true,200,1.780,
oci,,2,1559,true,200,2.155,
oci,,2,1562,true,200,0.730,
oci,,2,1561,true,200,1.129,
oci,,2,1563,true,200,0.839,
oci,,2,1564,true,200,0.801,
oci,,2,1565,true,200,0.871,
oci,,2,1566,true,200,0.902,
oci,,2,1568,true,200,1.056,
oci,,2,1567,true,200,1.415,
oci,,2,1569,true,200,0.990,
oci,,2,1570,true,200,1.022,
oci,,2,1571,true,200,0.971,
oci,,2,1572,true,200,0.976,
oci,,2,1574,true,200,0.692,
oci,,2,1573,true,200,1.052,
oci,,2,1575,true,200,0.768,
oci,,2,1576,true,200,0.804,
oci,,2,1577,true,200,1.440,
oci,,2,1578,true,200,1.475,
oci,,2,1580,true,200,0.779,
oci,,2,1579,true,200,1.222,
oci,,2,1581,true,200,0.704,
oci,,2,1582,true,200,0.653,
oci,,2,1583,true,200,0.928,
oci,,2,1584,true,200,0.956,
oci,,2,1585,true,200,1.003,
oci,,2,1586,true,200,0.984,
oci,,2,1587,true,200,0.720,
oci,,2,1588,true,200,0.715,
oci,,2,1589,true,200,0.893,
oci,,2,1590,true,200,0.908,
oci,,2,1591,true,200,1.575,
oci,,2,1592,true,200,1.662,
oci,,2,1593,true,200,1.952,
oci,,2,1594,true,200,1.874,
oci,,2,1595,true,200,0.828,
oci,,2,1596,true,200,0.822,
oci,,2,1597,true,200,0.659,
oci,,2,1598,true,200,0.666,
oci,,2,1599,true,200,0.650,
oci,,2,1600,true,200,0.655,
oci,,2,1601,true,200,0.724,
oci,,2,1602,true,200,0.721,
oci,,2,1604,true,200,1.952,
oci,,2,1603,true,200,2.318,
oci,,2,1605,true,200,0.851,
oci,,2,1606,true,200,0.842,
oci,,2,1607,true,200,2.144,
oci,,2,1608,true,200,2.257,
oci,,2,1610,true,200,0.799,
oci,,2,1609,true,200,1.297,
oci,,2,1611,true,200,0.785,
oci,,2,1612,true,200,0.766,
oci,,2,1613,true,200,2.072,
oci,,2,1614,true,200,2.261,
oci,,2,1615,true,200,0.925,
oci,,2,1616,true,200,0.768,
oci,,2,1617,true,200,0.930,
oci,,2,1618,true,200,0.866,
oci,,2,1620,true,200,0.704,
oci,,2,1619,true,200,0.999,
oci,,2,1622,true,200,1.170,
oci,,2,1621,true,200,1.443,
oci,,2,1624,true,200,0.718,
oci,,2,1623,true,200,1.004,
oci,,2,1625,true,200,0.668,
oci,,2,1626,true,200,0.721,
oci,,2,1627,true,200,1.208,
oci,,2,1628,true,200,1.163,
oci,,2,1629,true,200,0.714,
oci,,2,1630,true,200,0.698,
oci,,2,1631,true,200,0.656,
oci,,2,1632,true,200,0.636,
oci,,2,1633,true,200,0.809,
oci,,2,1634,true,200,0.824,
oci,,2,1635,true,200,0.738,
oci,,2,1636,true,200,0.736,
oci,,2,1637,true,200,0.975,
oci,,2,1638,true,200,0.973,
oci,,2,1639,true,200,0.997,
oci,,2,1640,true,200,1.014,
oci,,2,1642,true,200,1.791,
oci,,2,1641,true,200,2.137,
oci,,2,1643,true,200,0.646,
oci,,2,1644,true,200,0.651,
oci,,2,1645,true,200,1.301,
oci,,2,1646,true,200,1.294,
oci,,2,1647,true,200,2.216,
oci,,2,1648,true,200,2.240,
oci,,2,1649,true,200,1.092,
oci,,2,1650,true,200,1.144,
oci,,2,1651,true,200,0.817,
oci,,2,1652,true,200,0.800,
oci,,2,1653,true,200,0.724,
oci,,2,1654,true,200,0.752,
oci,,2,1655,true,200,0.979,
oci,,2,1656,true,200,0.947,
oci,,2,1657,true,200,0.702,
oci,,2,1658,true,200,0.682,
oci,,2,1660,true,200,1.225,
oci,,2,1659,true,200,1.557,
oci,,2,1661,true,200,0.833,
oci,,2,1662,true,200,0.845,
oci,,2,1663,true,200,0.739,
oci,,2,1664,true,200,0.724,
oci,,2,1666,true,200,0.709,
oci,,2,1665,true,200,1.031,
oci,,2,1667,true,200,1.835,
oci,,2,1668,true,200,1.881,
oci,,2,1669,true,200,1.955,
oci,,2,1670,true,200,2.005,
oci,,2,1671,true,200,1.724,
oci,,2,1672,true,200,1.658,
oci,,2,1674,true,200,0.673,
oci,,2,1673,true,200,0.987,
oci,,2,1675,true,200,1.225,
oci,,2,1676,true,200,1.208,
oci,,2,1677,true,200,1.397,
oci,,2,1678,true,200,1.474,
oci,,2,1679,true,200,2.685,
oci,,2,1680,true,200,2.796,
oci,,2,1681,true,200,1.280,
oci,,2,1682,true,200,1.192,
oci,,2,1683,true,200,0.705,
oci,,2,1684,true,200,0.740,
oci,,2,1685,true,200,0.742,
oci,,2,1686,true,200,0.739,
oci,,2,1687,true,200,0.850,
oci,,2,1688,true,200,0.855,
oci,,2,1689,true,200,1.146,
oci,,2,1690,true,200,1.117,
oci,,2,1691,true,200,0.933,
oci,,2,1692,true,200,0.952,
oci,,2,1693,true,200,0.898,
oci,,2,1694,true,200,0.922,
oci,,2,1696,true,200,0.726,
oci,,2,1695,true,200,1.098,
oci,,2,1698,true,200,2.147,
oci,,2,1697,true,200,2.542,
oci,,2,1700,true,200,1.697,
oci,,2,1699,true,200,2.274,
oci,,2,1701,true,200,1.076,
oci,,2,1702,true,200,0.939,
oci,,2,1703,true,200,0.985,
oci,,2,1704,true,200,1.043,
oci,,2,1705,true,200,1.780,
oci,,2,1706,true,200,1.751,
oci,,2,1707,true,200,0.769,
oci,,2,1708,true,200,0.738,
oci,,2,1709,true,200,0.696,
oci,,2,1710,true,200,0.677,
oci,,2,1711,true,200,1.617,
oci,,2,1712,true,200,1.644,
oci,,2,1713,true,200,0.664,
oci,,2,1714,true,200,0.661,
oci,,2,1715,true,200,1.273,
oci,,2,1716,true,200,1.400,
oci,,2,1717,true,200,0.881,
oci,,2,1718,true,200,0.763,
oci,,2,1719,true,200,0.709,
oci,,2,1720,true,200,0.713,
oci,,2,1721,true,200,0.734,
oci,,2,1722,true,200,0.736,
oci,,2,1723,true,200,1.736,
oci,,2,1724,true,200,1.798,
oci,,2,1725,true,200,0.809,
oci,,2,1726,true,200,0.759,
oci,,2,1727,true,200,0.734,
oci,,2,1728,true,200,0.719,
oci,,2,1729,true,200,1.321,
oci,,2,1730,true,200,1.335,
oci,,2,1731,true,200,0.685,
oci,,2,1732,true,200,0.690,
oci,,2,1733,true,200,0.733,
oci,,2,1734,true,200,0.743,
oci,,2,1735,true,200,1.347,
oci,,2,1736,true,200,1.369,
oci,,2,1737,true,200,0.861,
oci,,2,1738,true,200,0.894,
oci,,2,1740,true,200,0.975,
oci,,2,1739,true,200,1.330,
oci,,2,1741,true,200,0.845,
oci,,2,1742,true,200,0.908,
oci,,2,1743,true,200,0.685,
oci,,2,1744,true,200,0.671,
oci,,2,1745,true,200,1.489,
oci,,2,1746,true,200,1.483,
oci,,2,1747,true,200,0.838,
oci,,2,1748,true,200,0.839,
oci,,2,1750,true,200,0.744,
oci,,2,1749,true,200,1.087,
oci,,2,1751,true,200,0.858,
oci,,2,1752,true,200,0.848,
oci,,2,1753,true,200,0.730,
oci,,2,1754,true,200,0.727,
oci,,2,1755,true,200,0.667,
oci,,2,1756,true,200,0.670,
oci,,2,1758,true,200,1.848,
oci,,2,1757,true,200,2.138,
oci,,2,1760,true,200,0.661,
oci,,2,1759,true,200,0.930,
oci,,2,1762,true,200,2.027,
oci,,2,1761,true,200,2.337,
oci,,2,1763,true,200,0.792,
oci,,2,1764,true,200,0.815,
oci,,2,1765,true,200,0.775,
oci,,2,1766,true,200,0.794,
oci,,2,1767,true,200,1.375,
oci,,2,1768,true,200,1.383,
oci,,2,1769,true,200,0.651,
oci,,2,1770,true,200,0.623,
oci,,2,1771,true,200,1.196,
oci,,2,1772,true,200,1.207,
oci,,2,1773,true,200,0.667,
oci,,2,1774,true,200,0.668,
oci,,2,1775,true,200,0.629,
oci,,2,1776,true,200,0.654,
oci,,2,1777,true,200,1.595,
oci,,2,1778,true,200,1.566,
oci,,2,1779,true,200,1.021,
oci,,2,1780,true,200,1.002,
oci,,2,1781,true,200,0.804,
oci,,2,1782,true,200,0.809,
oci,,2,1783,true,200,0.802,
oci,,2,1784,true,200,0.797,
oci,,2,1786,true,200,1.015,
oci,,2,1785,true,200,1.353,
oci,,2,1788,true,200,0.664,
oci,,2,1787,true,200,1.014,
oci,,2,1789,true,200,1.360,
oci,,2,1790,true,200,1.357,
oci,,2,1791,true,200,0.700,
oci,,2,1792,true,200,0.711,
oci,,2,1794,true,200,0.665,
oci,,2,1793,true,200,1.014,
oci,,2,1795,true,200,1.204,
oci,,2,1796,true,200,1.267,
oci,,2,1797,true,200,1.166,
oci,,2,1798,true,200,1.157,
oci,,2,1799,true,200,0.677,
oci,,2,1800,true,200,0.671,
oci,,2,1801,true,200,0.632,
oci,,2,1802,true,200,0.676,
oci,,2,1803,true,200,1.745,
oci,,2,1804,true,200,1.700,
oci,,2,1805,true,200,1.463,
oci,,2,1806,true,200,2.428,
oci,,2,1808,true,200,8.038,
oci,,2,1807,true,200,9.311,
oci,,2,1810,true,200,1.146,
oci,,2,1809,true,200,1.487,
oci,,2,1811,true,200,0.796,
oci,,2,1812,true,200,0.797,
oci,,2,1813,true,200,0.761,
oci,,2,1814,true,200,0.762,
oci,,2,1816,true,200,1.056,
oci,,2,1815,true,200,1.415,
oci,,2,1817,true,200,2.193,
oci,,2,1818,true,200,2.455,
oci,,2,1819,true,200,0.952,
oci,,2,1820,true,200,0.688,
oci,,2,1821,true,200,0.665,
oci,,2,1822,true,200,0.672,
oci,,2,1824,true,200,1.048,
oci,,2,1823,true,200,1.393,
oci,,2,1825,true,200,0.728,
oci,,2,1826,true,200,0.724,
oci,,2,1827,true,200,0.664,
oci,,2,1828,true,200,0.676,
oci,,2,1830,true,200,1.422,
oci,,2,1829,true,200,1.759,
oci,,2,1831,true,200,1.891,
oci,,2,1832,true,200,1.910,
oci,,2,1833,true,200,0.983,
oci,,2,1834,true,200,0.975,
oci,,2,1835,true,200,0.623,
oci,,2,1836,true,200,0.674,
oci,,2,1837,true,200,0.650,
oci,,2,1838,true,200,0.615,
oci,,2,1839,true,200,2.097,
oci,,2,1840,true,200,2.107,
oci,,2,1841,true,200,1.685,
oci,,2,1842,true,200,1.666,
oci,,2,1843,true,200,0.658,
oci,,2,1844,true,200,0.660,
oci,,2,1845,true,200,1.313,
oci,,2,1846,true,200,1.330,
oci,,2,1847,true,200,0.690,
oci,,2,1848,true,200,0.672,
oci,,2,1850,true,200,1.113,
oci,,2,1849,true,200,1.414,
oci,,2,1851,true,200,0.803,
oci,,2,1852,true,200,0.805,
oci,,2,1854,true,200,0.618,
oci,,2,1853,true,200,0.910,
oci,,2,1855,true,200,0.771,
oci,,2,1856,true,200,0.796,
oci,,2,1857,true,200,0.725,
oci,,2,1858,true,200,0.711,
oci,,2,1859,true,200,1.834,
oci,,2,1860,true,200,1.834,
oci,,2,1862,true,200,1.752,
oci,,2,1861,true,200,2.091,
oci,,2,1863,true,200,0.660,
oci,,2,1864,true,200,0.687,
oci,,2,1865,true,200,0.709,
oci,,2,1866,true,200,0.687,
oci,,2,1868,true,200,2.501,
oci,,2,1867,true,200,2.871,
oci,,2,1870,true,200,0.807,
oci,,2,1869,true,200,1.199,
oci,,2,1871,true,200,2.018,
oci,,2,1872,true,200,2.069,
oci,,2,1873,true,200,2.092,
oci,,2,1874,true,200,1.981,
oci,,2,1876,true,200,0.664,
oci,,2,1875,true,200,0.966,
oci,,2,1878,true,200,0.745,
oci,,2,1877,true,200,1.095,
oci,,2,1879,true,200,0.684,
oci,,2,1880,true,200,0.688,
oci,,2,1881,true,200,1.369,
oci,,2,1882,true,200,1.402,
oci,,2,1883,true,200,0.913,
oci,,2,1884,true,200,0.888,
oci,,2,1886,true,200,0.785,
oci,,2,1885,true,200,1.124,
oci,,2,1887,true,200,1.029,
oci,,2,1888,true,200,1.034,
oci,,2,1889,true,200,0.929,
oci,,2,1890,true,200,0.932,
oci,,2,1891,true,200,0.748,
oci,,2,1892,true,200,0.733,
oci,,2,1894,true,200,1.275,
oci,,2,1893,true,200,1.628,
oci,,2,1895,true,200,2.083,
oci,,2,1896,true,200,2.092,
oci,,2,1898,true,200,0.711,
oci,,2,1897,true,200,1.092,
oci,,2,1899,true,200,2.176,
oci,,2,1900,true,200,2.290,
oci,,2,1902,true,200,1.350,
oci,,2,1901,true,200,1.820,
oci,,2,1904,true,200,0.882,
oci,,2,1903,true,200,1.235,
oci,,2,1905,true,200,1.118,
oci,,2,1906,true,200,1.151,
oci,,2,1907,true,200,1.071,
oci,,2,1908,true,200,1.378,
oci,,2,1909,true,200,0.879,
oci,,2,1910,true,200,1.189,
oci,,2,1911,true,200,1.027,
oci,,2,1912,true,200,0.997,
oci,,2,1913,true,200,0.958,
oci,,2,1915,true,200,0.879,
oci,,2,1914,true,200,1.270,
oci,,2,1916,true,200,2.121,
oci,,2,1917,true,200,2.241,
oci,,2,1918,true,200,3.541,
oci,,2,1919,true,200,3.534,
oci,,2,1920,true,200,2.555,
oci,,2,1921,true,200,2.549,
oci,,2,1922,true,200,1.585,
oci,,2,1923,true,200,1.734,
oci,,2,1924,true,200,1.093,
oci,,2,1925,true,200,0.869,
oci,,2,1926,true,200,0.782,
oci,,2,1927,true,200,0.768,
oci,,2,1928,true,200,0.864,
oci,,2,1929,true,200,0.879,
oci,,2,1930,true,200,0.730,
oci,,2,1931,true,200,0.726,
oci,,2,1932,true,200,0.867,
oci,,2,1933,true,200,0.893,
oci,,2,1934,true,200,1.748,
oci,,2,1935,true,200,1.770,
oci,,2,1937,true,200,1.685,
oci,,2,1936,true,200,2.157,
oci,,2,1938,true,200,0.928,
oci,,2,1939,true,200,0.900,
oci,,2,1940,true,200,0.890,
oci,,2,1941,true,200,0.854,
oci,,2,1942,true,200,0.866,
oci,,2,1943,true,200,0.914,
oci,,2,1944,true,200,0.831,
oci,,2,1945,true,200,2.211,
oci,,2,1946,true,200,1.873,
oci,,2,1947,true,200,1.864,
oci,,2,1948,true,200,1.843,
oci,,2,1950,true,200,1.911,
oci,,2,1949,true,200,2.302,
oci,,2,1952,true,200,1.691,
oci,,2,1951,true,200,2.064,
oci,,2,1953,true,200,0.799,
oci,,2,1954,true,200,0.777,
oci,,2,1955,true,200,0.990,
oci,,2,1956,true,200,0.994,
oci,,2,1957,true,200,0.766,
oci,,2,1958,true,200,0.792,
oci,,2,1959,true,200,1.187,
oci,,2,1960,true,200,1.217,
oci,,2,1962,true,200,0.663,
oci,,2,1961,true,200,1.023,
oci,,2,1964,true,200,2.075,
oci,,2,1963,true,200,2.468,
oci,,2,1965,true,200,2.019,
oci,,2,1966,true,200,1.967,
oci,,2,1967,true,200,1.910,
oci,,2,1968,true,200,1.949,
oci,,2,1969,true,200,1.929,
oci,,2,1970,true,200,1.898,
oci,,2,1971,true,200,1.977,
oci,,2,1972,true,200,2.497,
oci,,2,1973,true,200,0.905,
oci,,2,1974,true,200,0.669,
oci,,2,1975,true,200,0.752,
oci,,2,1976,true,200,1.483,
oci,,2,1977,true,200,1.354,
oci,,2,1978,true,200,0.953,
oci,,2,1979,true,200,0.954,
oci,,2,1980,true,200,0.755,
oci,,2,1981,true,200,0.773,
oci,,2,1982,true,200,1.311,
oci,,2,1983,true,200,1.338,
oci,,2,1985,true,200,1.816,
oci,,2,1984,true,200,2.187,
oci,,2,1986,true,200,2.056,
oci,,2,1987,true,200,2.071,
oci,,2,1988,true,200,0.913,
oci,,2,1989,true,200,0.974,
oci,,2,1990,true,200,0.845,
oci,,2,1991,true,200,0.891,
oci,,2,1992,true,200,1.202,
oci,,2,1993,true,200,1.169,
oci,,2,1995,true,200,1.814,
oci,,2,1994,true,200,2.379,
oci,,2,1996,true,200,0.920,
oci,,2,1997,true,200,0.795,
oci,,2,1998,true,200,1.942,
oci,,2,1999,true,200,1.920,
oci,,2,2001,true,200,0.647,
oci,,2,2000,true,200,0.980,
oci,,2,2003,true,200,0.843,
oci,,2,2002,true,200,1.172,
oci,,2,2004,true,200,1.008,
oci,,2,2005,true,200,1.001,
oci,,2,2006,true,200,0.969,
oci,,2,2007,true,200,0.980,
oci,,2,2009,true,200,0.857,
oci,,2,2008,true,200,1.191,
oci,,2,2010,true,200,0.631,
oci,,2,2011,true,200,0.774,
oci,,2,2012,true,200,0.593,
oci,,2,2013,true,200,0.614,
oci,,2,2014,true,200,0.640,
oci,,2,2015,true,200,0.566,
oci,,2,2016,true,200,1.108,
oci,,2,2017,true,200,1.042,
oci,,2,2019,true,200,0.758,
oci,,2,2018,true,200,1.111,
oci,,2,2020,true,200,1.317,
oci,,2,2021,true,200,1.398,
oci,,2,2022,true,200,0.829,
oci,,2,2023,true,200,0.765,
oci,,2,2024,true,200,0.717,
oci,,2,2025,true,200,0.782,
oci,,2,2026,true,200,0.663,
oci,,2,2027,true,200,1.879,
oci,,2,2028,true,200,1.602,
oci,,2,2029,true,200,0.627,
oci,,2,2030,true,200,0.717,
oci,,2,2031,true,200,1.309,
oci,,2,2032,true,200,1.220,
oci,,2,2033,true,200,0.975,
oci,,2,2034,true,200,0.988,
oci,,2,2035,true,200,2.110,
oci,,2,2036,true,200,2.154,
oci,,2,2037,true,200,0.974,
oci,,2,2038,true,200,1.003,
oci,,2,2039,true,200,2.291,
oci,,2,2040,true,200,2.299,
oci,,2,2041,true,200,1.734,
oci,,2,2042,true,200,1.765,
oci,,2,2043,true,200,1.978,
oci,,2,2044,true,200,1.957,
oci,,2,2045,true,200,1.921,
oci,,2,2046,true,200,1.963,
oci,,2,2047,true,200,1.047,
oci,,2,2048,true,200,0.978,
oci,,2,2050,true,200,1.801,
oci,,2,2049,true,200,2.269,
oci,,2,2052,true,200,1.529,
oci,,2,2051,true,200,1.986,
oci,,2,2053,true,200,0.790,
oci,,2,2054,true,200,1.936,
oci,,2,2055,true,200,1.588,
oci,,2,2056,true,200,0.809,
oci,,2,2057,true,200,0.761,
oci,,2,2058,true,200,0.805,
oci,,2,2059,true,200,0.786,
oci,,2,2061,true,200,0.730,
oci,,2,2060,true,200,1.089,
oci,,2,2062,true,200,0.904,
oci,,2,2063,true,200,0.923,
oci,,2,2064,true,200,0.675,
oci,,2,2065,true,200,0.688,
oci,,2,2066,true,200,1.681,
oci,,2,2067,true,200,1.690,
oci,,2,2068,true,200,0.955,
oci,,2,2069,true,200,0.964,
oci,,2,2070,true,200,0.901,
oci,,2,2071,true,200,0.803,
oci,,2,2073,true,200,0.853,
oci,,2,2072,true,200,1.144,
oci,,2,2074,true,200,0.970,
oci,,2,2075,true,200,0.954,
oci,,2,2076,true,200,1.198,
oci,,2,2077,true,200,1.229,
oci,,2,2078,true,200,0.798,
oci,,2,2079,true,200,0.753,
oci,,2,2081,true,200,0.809,
oci,,2,2080,true,200,1.057,
oci,,2,2082,true,200,0.698,
oci,,2,2083,true,200,0.742,
oci,,2,2084,true,200,0.691,
oci,,2,2085,true,200,0.770,
oci,,2,2086,true,200,0.648,
oci,,2,2087,true,200,0.681,
oci,,2,2088,true,200,0.600,
oci,,2,2089,true,200,2.821,
oci,,2,2090,true,200,2.847,
oci,,2,2091,true,200,1.968,
oci,,2,2092,true,200,1.818,
oci,,2,2093,true,200,0.844,
oci,,2,2094,true,200,0.846,
oci,,2,2095,true,200,0.944,
oci,,2,2096,true,200,0.949,
oci,,2,2097,true,200,1.045,
oci,,2,2098,true,200,1.068,
oci,,2,2099,true,200,0.850,
oci,,2,2100,true,200,0.865,
oci,,2,2101,true,200,0.886,
oci,,2,2102,true,200,1.012,
oci,,2,2103,true,200,0.818,
oci,,2,2104,true,200,1.926,
oci,,2,2105,true,200,1.623,
oci,,2,2106,true,200,1.007,
oci,,2,2107,true,200,0.979,
oci,,2,2108,true,200,0.709,
oci,,2,2109,true,200,0.721,
oci,,2,2110,true,200,0.689,
oci,,2,2111,true,200,0.666,
oci,,2,2112,true,200,1.563,
oci,,2,2113,true,200,1.573,
oci,,2,2114,true,200,1.996,
oci,,2,2115,true,200,2.114,
oci,,2,2116,true,200,2.005,
oci,,2,2117,true,200,1.901,
oci,,2,2118,true,200,0.692,
oci,,2,2119,true,200,0.739,
oci,,2,2120,true,200,2.289,
oci,,2,2121,true,200,2.263,
oci,,2,2122,true,200,0.892,
oci,,2,2123,true,200,0.894,
oci,,2,2125,true,200,0.697,
oci,,2,2124,true,200,1.037,
oci,,2,2126,true,200,0.919,
oci,,2,2127,true,200,0.931,
oci,,2,2129,true,200,0.731,
oci,,2,2128,true,200,1.061,
oci,,2,2130,true,200,1.131,
oci,,2,2131,true,200,1.207,
oci,,2,2132,true,200,1.058,
oci,,2,2133,true,200,1.075,
oci,,2,2134,true,200,2.092,
oci,,2,2135,true,200,2.072,
oci,,2,2136,true,200,0.719,
oci,,2,2137,true,200,0.704,
oci,,2,2139,true,200,0.957,
oci,,2,2138,true,200,1.320,
oci,,2,2141,true,200,0.696,
oci,,2,2140,true,200,1.046,
oci,,2,2142,true,200,1.328,
oci,,2,2143,true,200,1.341,
oci,,2,2144,true,200,0.767,
oci,,2,2145,true,200,0.783,
oci,,2,2146,true,200,0.938,
oci,,2,2147,true,200,0.933,
oci,,2,2148,true,200,2.122,
oci,,2,2149,true,200,2.178,
oci,,2,2150,true,200,1.055,
oci,,2,2151,true,200,1.026,
oci,,2,2152,true,200,0.801,
oci,,2,2153,true,200,0.788,
oci,,2,2155,true,200,1.911,
oci,,2,2154,true,200,2.282,
oci,,2,2157,true,200,0.968,
oci,,2,2156,true,200,1.423,
oci,,2,2158,true,200,3.728,
oci,,2,2159,true,200,3.635,
oci,,2,2160,true,200,1.773,
oci,,2,2161,true,200,1.811,
oci,,2,2162,true,200,0.916,
oci,,2,2163,true,200,0.890,
oci,,2,2164,true,200,2.247,
oci,,2,2165,true,200,2.173,
oci,,2,2167,true,200,1.898,
oci,,2,2166,true,200,2.208,
oci,,2,2168,true,200,2.195,
oci,,2,2169,true,200,2.112,
oci,,2,2171,true,200,0.682,
oci,,2,2170,true,200,0.979,
oci,,2,2172,true,200,2.055,
oci,,2,2173,true,200,2.312,
oci,,2,2174,true,200,2.120,
oci,,2,2175,true,200,1.917,
oci,,2,2177,true,200,0.807,
oci,,2,2176,true,200,1.212,
oci,,2,2179,true,200,0.671,
oci,,2,2178,true,200,0.989,
oci,,2,2180,true,200,0.799,
oci,,2,2181,true,200,0.815,
oci,,2,2182,true,200,0.665,
oci,,2,2183,true,200,1.854,
oci,,2,2184,true,200,1.531,
oci,,2,2185,true,200,0.905,
oci,,2,2186,true,200,0.902,
oci,,2,2187,true,200,0.970,
oci,,2,2188,true,200,0.971,
oci,,2,2189,true,200,1.066,
oci,,2,2190,true,200,1.064,
oci,,2,2191,true,200,0.730,
oci,,2,2192,true,200,0.751,
oci,,2,2193,true,200,1.040,
oci,,2,2194,true,200,1.007,
oci,,2,2195,true,200,2.297,
oci,,2,2196,true,200,2.450,
oci,,2,2197,true,200,1.782,
oci,,2,2198,true,200,1.668,
oci,,2,2199,true,200,2.069,
oci,,2,2200,true,200,2.091,
oci,,2,2201,true,200,0.845,
oci,,2,2202,true,200,0.886,
oci,,2,2204,true,200,0.683,
oci,,2,2203,true,200,1.074,
oci,,2,2206,true,200,0.660,
oci,,2,2205,true,200,0.971,
oci,,2,2208,true,200,1.213,
oci,,2,2207,true,200,1.545,
oci,,2,2209,true,200,0.681,
oci,,2,2210,true,200,0.678,
oci,,2,2211,true,200,0.671,
oci,,2,2212,true,200,0.715,
oci,,2,2213,true,200,1.691,
oci,,2,2214,true,200,1.786,
oci,,2,2215,true,200,0.863,
oci,,2,2216,true,200,0.729,
oci,,2,2217,true,200,0.753,
oci,,2,2218,true,200,0.747,
oci,,2,2219,true,200,1.173,
oci,,2,2220,true,200,1.186,
oci,,2,2221,true,200,0.732,
oci,,2,2222,true,200,1.847,
oci,,2,2223,true,200,1.431,
oci,,2,2224,true,200,0.987,
oci,,2,2225,true,200,0.986,
oci,,2,2226,true,200,0.716,
oci,,2,2227,true,200,0.750,
oci,,2,2228,true,200,2.461,
oci,,2,2229,true,200,2.522,
oci,,2,2230,true,200,0.917,
oci,,2,2231,true,200,0.855,
oci,,2,2232,true,200,0.737,
oci,,2,2233,true,200,0.722,
oci,,2,2235,true,200,0.686,
oci,,2,2234,true,200,1.010,
oci,,2,2236,true,200,0.676,
oci,,2,2237,true,200,0.726,
oci,,2,2238,true,200,1.645,
oci,,2,2239,true,200,1.602,
oci,,2,2240,true,200,0.620,
oci,,2,2241,true,200,0.696,
oci,,2,2242,true,200,0.792,
oci,,2,2243,true,200,0.742,
oci,,2,2245,true,200,2.341,
oci,,2,2244,true,200,2.832,
oci,,2,2246,true,200,0.922,
oci,,2,2247,true,200,0.855,
oci,,2,2248,true,200,0.829,
oci,,2,2249,true,200,0.766,
oci,,2,2250,true,200,0.910,
oci,,2,2251,true,200,0.901,
oci,,2,2253,true,200,0.660,
oci,,2,2252,true,200,0.953,
oci,,2,2254,true,200,1.347,
oci,,2,2255,true,200,1.395,
oci,,2,2256,true,200,0.761,
oci,,2,2257,true,200,0.798,
oci,,2,2259,true,200,0.987,
oci,,2,2258,true,200,1.410,
oci,,2,2260,true,200,0.826,
oci,,2,2261,true,200,0.864,
oci,,2,2262,true,200,1.724,
oci,,2,2263,true,200,1.678,
oci,,2,2265,true,200,0.800,
oci,,2,2264,true,200,1.152,
oci,,2,2266,true,200,0.777,
oci,,2,2267,true,200,0.886,
oci,,2,2268,true,200,1.489,
oci,,2,2269,true,200,1.352,
oci,,2,2271,true,200,0.991,
oci,,2,2270,true,200,1.356,
oci,,2,2272,true,200,0.775,
oci,,2,2273,true,200,0.827,
oci,,2,2274,true,200,0.869,
oci,,2,2275,true,200,0.838,
oci,,2,2277,true,200,0.724,
oci,,2,2276,true,200,1.147,
oci,,2,2279,true,200,1.361,
oci,,2,2278,true,200,1.703,
oci,,2,2280,true,200,1.355,
oci,,2,2281,true,200,1.489,
oci,,2,2282,true,200,1.543,
oci,,2,2283,true,200,1.499,
oci,,2,2284,true,200,1.865,
oci,,2,2285,true,200,1.856,
oci,,2,2286,true,200,0.806,
oci,,2,2287,true,200,0.802,
oci,,2,2288,true,200,1.166,
oci,,2,2289,true,200,1.167,
oci,,2,2291,true,200,1.786,
oci,,2,2290,true,200,2.191,
oci,,2,2292,true,200,1.019,
oci,,2,2293,true,200,1.041,
oci,,2,2294,true,200,1.210,
oci,,2,2295,true,200,1.137,
oci,,2,2297,true,200,1.000,
oci,,2,2296,true,200,1.265,
oci,,2,2298,true,200,1.032,
oci,,2,2299,true,200,1.127,
oci,,2,2300,true,200,0.904,
oci,,2,2301,true,200,1.154,
oci,,2,2302,true,200,2.106,
oci,,2,2303,true,200,1.834,
oci,,2,2305,true,200,1.810,
oci,,2,2304,true,200,2.237,
oci,,2,2306,true,200,1.255,
oci,,2,2307,true,200,1.292,
oci,,2,2308,true,200,1.069,
oci,,2,2309,true,200,1.030,
oci,,2,2310,true,200,1.300,
oci,,2,2311,true,200,1.324,
oci,,2,2312,true,200,1.073,
oci,,2,2313,true,200,1.083,
oci,,2,2315,true,200,2.180,
oci,,2,2314,true,200,2.694,
oci,,2,2316,true,200,2.756,
oci,,2,2317,true,200,2.701,
oci,,2,2319,true,200,1.361,
oci,,2,2318,true,200,1.796,
oci,,2,2320,true,200,3.222,
oci,,2,2321,true,200,3.177,
oci,,2,2323,true,200,1.441,
oci,,2,2322,true,200,1.873,
oci,,2,2325,true,200,1.923,
oci,,2,2324,true,200,2.441,
oci,,2,2326,true,200,1.649,
oci,,2,2327,true,200,1.606,
oci,,2,2329,true,200,1.998,
oci,,2,2328,true,200,2.459,
oci,,2,2331,true,200,2.469,
oci,,2,2330,true,200,3.113,
oci,,2,2332,true,200,3.341,
oci,,2,2333,true,200,3.510,
oci,,2,2335,true,200,2.405,
oci,,2,2334,true,200,3.624,
oci,,2,2336,true,200,2.634,
oci,,2,2337,true,200,2.395,
oci,,2,2339,true,200,3.091,
oci,,2,2338,true,200,3.922,
oci,,2,2341,true,200,2.305,
oci,,2,2340,true,200,3.004,
oci,,2,2342,true,200,2.905,
oci,,2,2343,true,200,2.861,
oci,,2,2345,true,200,2.311,
oci,,2,2344,true,200,2.799,
oci,,2,2346,true,200,2.356,
oci,,2,2347,true,200,2.307,
oci,,2,2348,true,200,1.957,
oci,,2,2349,true,200,2.041,
oci,,2,2350,true,200,1.297,
oci,,2,2351,true,200,1.289,
oci,,2,2352,true,200,1.536,
oci,,2,2353,true,200,1.527,
oci,,2,2355,true,200,1.273,
oci,,2,2354,true,200,1.721,
oci,,2,2356,true,200,1.342,
oci,,2,2357,true,200,1.411,
oci,,2,2358,true,200,1.188,
oci,,2,2359,true,200,1.162,
oci,,2,2361,true,200,1.432,
oci,,2,2360,true,200,1.795,
oci,,2,2363,true,200,1.760,
oci,,2,2362,true,200,2.185,
oci,,2,2365,true,200,1.865,
oci,,2,2364,true,200,2.263,
oci,,2,2367,true,200,0.825,
oci,,2,2366,true,200,1.228,
oci,,2,2368,true,200,1.024,
oci,,2,2369,true,200,1.069,
oci,,2,2370,true,200,2.055,
oci,,2,2371,true,200,2.009,
oci,,2,2372,true,200,2.138,
oci,,2,2373,true,200,2.160,
oci,,2,2374,true,200,1.595,
oci,,2,2375,true,200,1.615,
oci,,2,2377,true,200,0.944,
oci,,2,2376,true,200,1.358,
oci,,2,2379,true,200,0.764,
oci,,2,2378,true,200,1.131,
oci,,2,2380,true,200,0.812,
oci,,2,2381,true,200,0.796,
oci,,2,2383,true,200,0.864,
oci,,2,2382,true,200,1.206,
oci,,2,2384,true,200,0.783,
oci,,2,2385,true,200,2.002,
oci,,2,2386,true,200,1.581,
oci,,2,2388,true,200,1.875,
oci,,2,2387,true,200,2.271,
oci,,2,2389,true,200,2.165,
oci,,2,2390,true,200,2.240,
oci,,2,2392,true,200,1.886,
oci,,2,2391,true,200,2.292,
oci,,2,2393,true,200,1.444,
oci,,2,2394,true,200,1.639,
oci,,2,2395,true,200,4.767,
oci,,2,2396,true,200,4.734,
oci,,2,2398,true,200,1.135,
oci,,2,2397,true,200,1.543,
oci,,2,2399,true,200,1.015,
oci,,2,2400,true,200,1.061,
oci,,2,2401,true,200,1.681,
oci,,2,2402,true,200,1.724,
oci,,2,2404,true,200,0.923,
oci,,2,2403,true,200,1.352,
oci,,2,2405,true,200,1.241,
oci,,2,2406,true,200,1.150,
oci,,2,2407,true,200,1.193,
oci,,2,2408,true,200,1.214,
oci,,2,2409,true,200,1.529,
oci,,2,2410,true,200,1.578,
oci,,2,2411,true,200,0.954,
oci,,2,2412,true,200,0.987,
oci,,2,2413,true,200,2.031,
oci,,2,2414,true,200,1.964,
oci,,2,2416,true,200,0.900,
oci,,2,2415,true,200,1.177,
oci,,2,2417,true,200,0.873,
oci,,2,2418,true,200,0.948,
oci,,2,2419,true,200,0.821,
oci,,2,2420,true,200,0.811,
oci,,2,2422,true,200,1.066,
oci,,2,2421,true,200,1.582,
oci,,2,2423,true,200,1.148,
oci,,2,2424,true,200,0.993,
oci,,2,2425,true,200,0.881,
oci,,2,2426,true,200,0.921,
oci,,2,2427,true,200,0.802,
oci,,2,2428,true,200,0.892,
oci,,2,2429,true,200,1.963,
oci,,2,2430,true,200,1.913,
oci,,2,2432,true,200,0.729,
oci,,2,2431,true,200,1.103,
oci,,2,2433,true,200,2.051,
oci,,2,2434,true,200,2.113,
oci,,2,2436,true,200,0.874,
oci,,2,2435,true,200,1.257,
oci,,2,2437,true,200,0.939,
oci,,2,2438,true,200,0.973,
oci,,2,2439,true,200,0.833,
oci,,2,2440,true,200,0.845,
oci,,2,2441,true,200,3.141,
oci,,2,2442,true,200,3.301,
oci,,2,2443,true,200,1.959,
oci,,2,2444,true,200,1.902,
oci,,2,2445,true,200,1.777,
oci,,2,2446,true,200,1.725,
oci,,2,2448,true,200,0.708,
oci,,2,2447,true,200,1.092,
oci,,2,2449,true,200,0.740,
oci,,2,2450,true,200,0.746,
oci,,2,2451,true,200,1.433,
oci,,2,2452,true,200,1.433,
oci,,2,2454,true,200,0.691,
oci,,2,2453,true,200,1.042,
oci,,2,2455,true,200,0.935,
oci,,2,2456,true,200,0.968,
oci,,2,2457,true,200,0.807,
oci,,2,2458,true,200,0.799,
oci,,2,2459,true,200,0.783,
oci,,2,2460,true,200,0.801,
oci,,2,2461,true,200,0.754,
oci,,2,2462,true,200,0.785,
oci,,2,2463,true,200,0.753,
oci,,2,2464,true,200,0.704,
oci,,2,2465,true,200,0.774,
oci,,2,2466,true,200,0.802,
oci,,2,2467,true,200,2.061,
oci,,2,2468,true,200,2.080,
oci,,2,2469,true,200,0.893,
oci,,2,2470,true,200,0.804,
oci,,2,2471,true,200,0.981,
oci,,2,2472,true,200,1.049,
oci,,2,2474,true,200,0.815,
oci,,2,2473,true,200,1.162,
oci,,2,2475,true,200,0.732,
oci,,2,2476,true,200,0.757,
oci,,2,2478,true,200,1.157,
oci,,2,2477,true,200,1.516,
oci,,2,2479,true,200,0.960,
oci,,2,2480,true,200,0.971,
oci,,2,2481,true,200,0.672,
oci,,2,2482,true,200,0.728,
oci,,2,2483,true,200,0.655,
oci,,2,2484,true,200,1.456,
oci,,2,2485,true,200,5.375,
oci,,2,2486,true,200,5.826,
oci,,2,2487,true,200,1.733,
oci,,2,2488,true,200,0.902,
oci,,2,2489,true,200,0.848,
oci,,2,2490,true,200,0.837,
oci,,2,2491,true,200,0.806,
oci,,2,2493,true,200,0.802,
oci,,2,2492,true,200,1.156,
oci,,2,2494,true,200,2.061,
oci,,2,2495,true,200,2.101,
oci,,2,2496,true,200,1.140,
oci,,2,2497,true,200,1.110,
oci,,2,2498,true,200,0.901,
oci,,2,2499,true,200,0.874,
oci,,2,2500,true,200,1.116,
oci,,2,2501,true,200,1.159,
oci,,2,2503,true,200,0.763,
oci,,2,2502,true,200,1.153,
oci,,2,2504,true,200,0.992,
oci,,2,2505,true,200,0.997,
oci,,2,2506,true,200,2.886,
oci,,2,2507,true,200,2.825,
oci,,2,2509,true,200,1.757,
oci,,2,2508,true,200,2.008,
oci,,2,2511,true,200,0.680,
oci,,2,2510,true,200,0.962,
oci,,2,2512,true,200,2.288,
oci,,2,2513,true,200,2.300,
oci,,2,2515,true,200,0.687,
oci,,2,2514,true,200,1.031,
oci,,2,2516,true,200,0.701,
oci,,2,2517,true,200,0.707,
oci,,2,2518,true,200,0.577,
oci,,2,2519,true,200,0.650,
oci,,2,2520,true,200,0.642,
oci,,2,2521,true,200,0.687,
oci,,2,2522,true,200,0.730,
oci,,2,2523,true,200,0.774,
oci,,2,2524,true,200,0.684,
oci,,2,2525,true,200,0.686,
oci,,2,2526,true,200,1.604,
oci,,2,2527,true,200,1.364,
oci,,2,2528,true,200,0.739,
oci,,2,2529,true,200,0.765,
oci,,2,2530,true,200,0.924,
oci,,2,2531,true,200,0.914,
oci,,2,2532,true,200,2.169,
oci,,2,2533,true,200,2.147,
oci,,2,2534,true,200,0.944,
oci,,2,2535,true,200,0.948,
oci,,2,2536,true,200,0.687,
oci,,2,2537,true,200,0.691,
oci,,2,2538,true,200,1.226,
oci,,2,2539,true,200,1.249,
oci,,2,2540,true,200,0.626,
oci,,2,2541,true,200,0.594,
oci,,2,2542,true,200,1.568,
oci,,2,2543,true,200,1.589,
oci,,2,2544,true,200,0.784,
oci,,2,2545,true,200,0.797,
oci,,2,2546,true,200,0.879,
oci,,2,2547,true,200,0.913,
oci,,2,2548,true,200,0.709,
oci,,2,2549,true,200,0.685,
oci,,2,2550,true,200,0.688,
oci,,2,2551,true,200,0.674,
oci,,2,2552,true,200,1.917,
oci,,2,2553,true,200,1.932,
oci,,2,2554,true,200,0.804,
oci,,2,2555,true,200,0.840,
oci,,2,2556,true,200,0.816,
oci,,2,2557,true,200,0.774,
oci,,2,2558,true,200,1.290,
oci,,2,2559,true,200,1.284,
oci,,2,2560,true,200,0.815,
oci,,2,2561,true,200,0.836,
oci,,2,2562,true,200,1.071,
oci,,2,2563,true,200,1.037,
oci,,2,2565,true,200,2.061,
oci,,2,2564,true,200,2.650,
oci,,2,2567,true,200,1.404,
oci,,2,2566,true,200,1.930,
oci,,2,2568,true,200,0.824,
oci,,2,2569,true,200,0.890,
oci,,2,2570,true,200,1.213,
oci,,2,2571,true,200,1.166,
oci,,2,2573,true,200,0.694,
oci,,2,2572,true,200,0.963,
oci,,2,2574,true,200,0.658,
oci,,2,2575,true,200,0.669,
oci,,2,2576,true,200,0.684,
oci,,2,2577,true,200,0.729,
oci,,2,2578,true,200,1.818,
oci,,2,2579,true,200,1.785,
oci,,2,2580,true,200,2.114,
oci,,2,2581,true,200,2.179,
oci,,2,2582,true,200,0.790,
oci,,2,2583,true,200,0.709,
oci,,2,2584,true,200,0.745,
oci,,2,2585,true,200,0.760,
oci,,2,2586,true,200,0.740,
oci,,2,2587,true,200,0.747,
oci,,2,2588,true,200,1.360,
oci,,2,2589,true,200,1.332,
oci,,2,2591,true,200,0.702,
oci,,2,2590,true,200,1.012,
oci,,2,2592,true,200,0.656,
oci,,2,2593,true,200,0.644,
oci,,2,2594,true,200,1.691,
oci,,2,2595,true,200,1.717,
oci,,2,2596,true,200,0.680,
oci,,2,2597,true,200,0.683,
oci,,2,2599,true,200,0.901,
oci,,2,2598,true,200,1.249,
oci,,2,2600,true,200,0.788,
oci,,2,2601,true,200,0.794,
oci,,2,2602,true,200,0.791,
oci,,2,2603,true,200,0.790,
oci,,2,2604,true,200,1.332,
oci,,2,2605,true,200,1.308,
oci,,2,2607,true,200,0.667,
oci,,2,2606,true,200,0.984,
oci,,2,2608,true,200,1.021,
oci,,2,2609,true,200,1.053,
oci,,2,2610,true,200,2.270,
oci,,2,2611,true,200,2.261,
oci,,2,2613,true,200,0.783,
oci,,2,2612,true,200,1.166,
oci,,2,2615,true,200,1.933,
oci,,2,2614,true,200,2.295,
oci,,2,2616,true,200,1.818,
oci,,2,2617,true,200,1.811,
oci,,2,2618,true,200,0.912,
oci,,2,2619,true,200,0.893,
oci,,2,2620,true,200,0.919,
oci,,2,2621,true,200,0.920,
oci,,2,2622,true,200,0.984,
oci,,2,2623,true,200,1.011,
oci,,2,2625,true,200,2.035,
oci,,2,2624,true,200,2.327,
oci,,2,2627,true,200,0.759,
oci,,2,2626,true,200,1.044,
oci,,2,2628,true,200,0.881,
oci,,2,2629,true,200,0.862,
oci,,2,2630,true,200,0.762,
oci,,2,2631,true,200,0.766,
oci,,2,2632,true,200,1.315,
oci,,2,2633,true,200,1.706,
oci,,2,2634,true,200,1.641,
oci,,2,2635,true,200,2.876,
oci,,2,2636,true,200,2.207,
oci,,2,2637,true,200,1.599,
oci,,2,2638,true,200,1.355,
oci,,2,2640,true,200,0.634,
oci,,2,2639,true,200,0.978,
oci,,2,2641,true,200,0.778,
oci,,2,2642,true,200,0.785,
oci,,2,2643,true,200,0.787,
oci,,2,2644,true,200,0.795,
oci,,2,2645,true,200,0.678,
oci,,2,2646,true,200,0.659,
oci,,2,2647,true,200,0.720,
oci,,2,2648,true,200,0.683,
oci,,2,2650,true,200,0.860,
oci,,2,2649,true,200,1.198,
oci,,2,2652,true,200,2.096,
oci,,2,2651,true,200,2.448,
oci,,2,2653,true,200,0.725,
oci,,2,2654,true,200,0.712,
oci,,2,2656,true,200,0.740,
oci,,2,2655,true,200,1.050,
oci,,2,2658,true,200,0.964,
oci,,2,2657,true,200,1.271,
oci,,2,2659,true,200,0.805,
oci,,2,2660,true,200,0.826,
oci,,2,2661,true,200,0.635,
oci,,2,2662,true,200,0.624,
oci,,2,2664,true,200,1.480,
oci,,2,2663,true,200,1.814,
oci,,2,2665,true,200,0.720,
oci,,2,2666,true,200,0.725,
oci,,2,2668,true,200,0.765,
oci,,2,2667,true,200,1.174,
oci,,2,2669,true,200,1.052,
oci,,2,2670,true,200,1.076,
oci,,2,2671,true,200,1.094,
oci,,2,2672,true,200,1.016,
oci,,2,2673,true,200,0.943,
oci,,2,2674,true,200,0.927,
oci,,2,2675,true,200,0.716,
oci,,2,2676,true,200,0.706,
oci,,2,2677,true,200,0.785,
oci,,2,2678,true,200,0.815,
oci,,2,2679,true,200,0.700,
oci,,2,2680,true,200,0.664,
oci,,2,2681,true,200,0.710,
oci,,2,2682,true,200,0.724,
oci,,2,2683,true,200,1.144,
oci,,2,2684,true,200,1.148,
oci,,2,2685,true,200,0.722,
oci,,2,2686,true,200,0.704,
oci,,2,2688,true,200,0.943,
oci,,2,2687,true,200,1.261,
oci,,2,2689,true,200,0.862,
oci,,2,2690,true,200,0.857,
oci,,2,2692,true,200,0.742,
oci,,2,2691,true,200,1.069,
oci,,2,2693,true,200,0.639,
oci,,2,2694,true,200,0.625,
oci,,2,2695,true,200,0.625,
oci,,2,2696,true,200,0.639,
oci,,2,2698,true,200,0.806,
oci,,2,2697,true,200,1.140,
oci,,2,2699,true,200,0.943,
oci,,2,2700,true,200,0.926,
oci,,2,2702,true,200,0.662,
oci,,2,2701,true,200,0.978,
oci,,2,2703,true,200,2.235,
oci,,2,2704,true,200,2.266,
oci,,2,2706,true,200,1.969,
oci,,2,2705,true,200,2.413,
oci,,2,2707,true,200,0.846,
oci,,2,2708,true,200,0.794,
oci,,2,2709,true,200,0.699,
oci,,2,2710,true,200,0.680,
oci,,2,2711,true,200,2.244,
oci,,2,2712,true,200,2.280,
oci,,2,2713,true,200,0.716,
oci,,2,2714,true,200,0.727,
oci,,2,2716,true,200,1.215,
oci,,2,2715,true,200,1.555,
oci,,2,2718,true,200,0.650,
oci,,2,2717,true,200,0.991,
oci,,2,2719,true,200,0.662,
oci,,2,2720,true,200,0.642,
oci,,2,2721,true,200,0.645,
oci,,2,2722,true,200,0.657,
oci,,2,2723,true,200,1.869,
oci,,2,2724,true,200,1.840,
oci,,2,2725,true,200,0.633,
oci,,2,2726,true,200,0.650,
oci,,2,2727,true,200,0.824,
oci,,2,2728,true,200,0.807,
oci,,2,2729,true,200,0.756,
oci,,2,2730,true,200,0.786,
oci,,2,2731,true,200,0.697,
oci,,2,2732,true,200,0.697,
oci,,2,2733,true,200,0.725,
oci,,2,2734,true,200,0.751,
oci,,2,2735,true,200,1.110,
oci,,2,2736,true,200,1.140,
oci,,2,2737,true,200,0.863,
oci,,2,2738,true,200,0.867,
oci,,2,2739,true,200,0.804,
oci,,2,2740,true,200,0.822,
oci,,2,2741,true,200,0.794,
oci,,2,2742,true,200,0.781,
oci,,2,2743,true,200,1.419,
oci,,2,2744,true,200,1.376,
oci,,2,2745,true,200,0.699,
oci,,2,2746,true,200,0.715,
oci,,2,2747,true,200,0.692,
oci,,2,2748,true,200,0.655,
oci,,2,2750,true,200,1.538,
oci,,2,2749,true,200,1.890,
oci,,2,2751,true,200,0.770,
oci,,2,2752,true,200,0.719,
oci,,2,2753,true,200,0.890,
oci,,2,2754,true,200,0.919,
oci,,2,2755,true,200,0.751,
oci,,2,2756,true,200,0.737,
oci,,2,2757,true,200,0.695,
oci,,2,2758,true,200,0.719,
oci,,2,2759,true,200,0.705,
oci,,2,2760,true,200,0.668,
oci,,2,2761,true,200,0.602,
oci,,2,2762,true,200,0.660,
oci,,2,2764,true,200,1.163,
oci,,2,2763,true,200,1.556,
oci,,2,2765,true,200,0.670,
oci,,2,2766,true,200,0.699,
oci,,2,2767,true,200,2.417,
oci,,2,2768,true,200,2.367,
oci,,2,2769,true,200,1.010,
oci,,2,2770,true,200,1.017,
oci,,2,2772,true,200,0.833,
oci,,2,2771,true,200,1.185,
oci,,2,2773,true,200,1.873,
oci,,2,2774,true,200,1.870,
oci,,2,2776,true,200,0.617,
oci,,2,2775,true,200,0.988,
oci,,2,2777,true,200,1.069,
oci,,2,2778,true,200,1.076,
oci,,2,2779,true,200,0.705,
oci,,2,2780,true,200,0.698,
oci,,2,2782,true,200,0.673,
oci,,2,2781,true,200,1.019,
oci,,2,2783,true,200,0.759,
oci,,2,2784,true,200,0.743,
oci,,2,2785,true,200,0.748,
oci,,2,2786,true,200,0.765,
oci,,2,2787,true,200,0.875,
oci,,2,2788,true,200,0.859,
oci,,2,2790,true,200,0.725,
oci,,2,2789,true,200,1.039,
oci,,2,2791,true,200,1.016,
oci,,2,2792,true,200,1.011,
oci,,2,2793,true,200,2.328,
oci,,2,2794,true,200,2.622,
oci,,2,2795,true,200,1.062,
oci,,2,2796,true,200,0.805,
oci,,2,2797,true,200,0.703,
oci,,2,2798,true,200,1.622,
oci,,2,2799,true,200,1.332,
oci,,2,2800,true,200,1.073,
oci,,2,2801,true,200,1.002,
oci,,2,2802,true,200,0.695,
oci,,2,2803,true,200,0.676,
oci,,2,2805,true,200,0.673,
oci,,2,2804,true,200,1.013,
oci,,2,2806,true,200,0.738,
oci,,2,2807,true,200,0.747,
oci,,2,2808,true,200,1.594,
oci,,2,2809,true,200,1.525,
oci,,2,2811,true,200,1.791,
oci,,2,2810,true,200,2.111,
oci,,2,2812,true,200,2.029,
oci,,2,2813,true,200,2.034,
oci,,2,2815,true,200,0.713,
oci,,2,2814,true,200,1.060,
oci,,2,2816,true,200,0.942,
oci,,2,2817,true,200,0.974,
oci,,2,2819,true,200,0.680,
oci,,2,2818,true,200,1.025,
oci,,2,2821,true,200,0.973,
oci,,2,2820,true,200,1.297,
oci,,2,2822,true,200,0.756,
oci,,2,2823,true,200,0.800,
oci,,2,2824,true,200,0.760,
oci,,2,2825,true,200,0.742,
oci,,2,2826,true,200,1.477,
oci,,2,2827,true,200,1.486,
oci,,2,2828,true,200,1.135,
oci,,2,2829,true,200,1.174,
oci,,2,2830,true,200,0.731,
oci,,2,2831,true,200,0.687,
oci,,2,2833,true,200,0.794,
oci,,2,2832,true,200,1.120,
oci,,2,2835,true,200,0.817,
oci,,2,2834,true,200,1.114,
oci,,2,2837,true,200,0.747,
oci,,2,2836,true,200,1.060,
oci,,2,2838,true,200,0.719,
oci,,2,2839,true,200,0.734,
oci,,2,2840,true,200,0.706,
oci,,2,2841,true,200,0.679,
oci,,2,2843,true,200,0.651,
oci,,2,2842,true,200,0.973,
oci,,2,2844,true,200,0.979,
oci,,2,2845,true,200,1.168,
oci,,2,2846,true,200,2.054,
oci,,2,2847,true,200,1.861,
oci,,2,2848,true,200,0.730,
oci,,2,2849,true,200,0.725,
oci,,2,2850,true,200,1.178,
oci,,2,2851,true,200,1.196,
oci,,2,2853,true,200,0.709,
oci,,2,2852,true,200,1.074,
oci,,2,2854,true,200,0.920,
oci,,2,2855,true,200,0.921,
oci,,2,2856,true,200,0.690,
oci,,2,2857,true,200,0.839,
oci,,2,2858,true,200,0.713,
oci,,2,2859,true,200,0.838,
oci,,2,2860,true,200,0.789,
oci,,2,2861,true,200,0.837,
oci,,2,2862,true,200,2.019,
oci,,2,2863,true,200,1.774,
oci,,2,2864,true,200,1.865,
oci,,2,2865,true,200,1.823,
oci,,2,2867,true,200,0.684,
oci,,2,2866,true,200,1.056,
oci,,2,2869,true,200,0.741,
oci,,2,2868,true,200,1.077,
oci,,2,2870,true,200,0.833,
oci,,2,2871,true,200,0.845,
oci,,2,2872,true,200,1.435,
oci,,2,2873,true,200,1.437,
oci,,2,2874,true,200,2.141,
oci,,2,2875,true,200,2.181,
oci,,2,2876,true,200,3.206,
oci,,2,2877,true,200,3.268,
oci,,2,2878,true,200,1.081,
oci,,2,2879,true,200,1.008,
oci,,2,2880,true,200,0.994,
oci,,2,2881,true,200,0.986,
oci,,2,2883,true,200,0.972,
oci,,2,2882,true,200,1.319,
oci,,2,2885,true,200,0.993,
oci,,2,2884,true,200,1.362,
oci,,2,2887,true,200,1.883,
oci,,2,2886,true,200,2.315,
oci,,2,2889,true,200,1.894,
oci,,2,2888,true,200,2.234,
oci,,2,2890,true,200,0.801,
oci,,2,2891,true,200,0.860,
oci,,2,2893,true,200,2.789,
oci,,2,2892,true,200,3.103,
oci,,2,2895,true,200,0.780,
oci,,2,2894,true,200,1.080,
oci,,2,2896,true,200,0.921,
oci,,2,2897,true,200,0.932,
oci,,2,2899,true,200,1.020,
oci,,2,2898,true,200,1.377,
oci,,2,2901,true,200,0.848,
oci,,2,2900,true,200,1.213,
oci,,2,2902,true,200,0.852,
oci,,2,2903,true,200,0.834,
oci,,2,2904,true,200,0.767,
oci,,2,2905,true,200,0.779,
oci,,2,2907,true,200,0.974,
oci,,2,2906,true,200,1.323,
oci,,2,2908,true,200,1.226,
oci,,2,2909,true,200,1.268,
oci,,2,2910,true,200,0.902,
oci,,2,2911,true,200,0.960,
oci,,2,2912,true,200,0.788,
oci,,2,2913,true,200,0.705,
oci,,2,2914,true,200,0.986,
oci,,2,2915,true,200,0.988,
oci,,2,2916,true,200,0.692,
oci,,2,2917,true,200,0.705,
oci,,2,2918,true,200,1.344,
oci,,2,2919,true,200,1.339,
oci,,2,2920,true,200,0.696,
oci,,2,2921,true,200,0.690,
oci,,2,2923,true,200,1.170,
oci,,2,2922,true,200,1.522,
oci,,2,2924,true,200,0.765,
oci,,2,2925,true,200,0.752,
oci,,2,2926,true,200,1.281,
oci,,2,2927,true,200,1.496,
oci,,2,2928,true,200,0.907,
oci,,2,2930,true,200,1.994,
oci,,2,2929,true,200,2.778,
oci,,2,2931,true,200,0.921,
oci,,2,2932,true,200,1.268,
oci,,2,2933,true,200,0.920,
oci,,2,2934,true,200,1.008,
oci,,2,2935,true,200,0.972,
oci,,2,2937,true,200,0.879,
oci,,2,2936,true,200,1.162,
oci,,2,2938,true,200,0.850,
oci,,2,2939,true,200,0.910,
oci,,2,2940,true,200,1.087,
oci,,2,2941,true,200,1.076,
oci,,2,2943,true,200,0.670,
oci,,2,2942,true,200,1.030,
oci,,2,2944,true,200,0.648,
oci,,2,2945,true,200,0.606,
oci,,2,2947,true,200,1.571,
oci,,2,2946,true,200,1.887,
oci,,2,2948,true,200,0.818,
oci,,2,2949,true,200,0.829,
oci,,2,2950,true,200,0.681,
oci,,2,2951,true,200,0.678,
oci,,2,2953,true,200,1.246,
oci,,2,2952,true,200,1.583,
oci,,2,2954,true,200,0.721,
oci,,2,2955,true,200,0.759,
oci,,2,2956,true,200,1.172,
oci,,2,2957,true,200,1.143,
oci,,2,2959,true,200,0.800,
oci,,2,2958,true,200,1.163,
oci,,2,2960,true,200,0.856,
oci,,2,2961,true,200,0.850,
oci,,2,2962,true,200,1.249,
oci,,2,2963,true,200,1.299,
oci,,2,2964,true,200,0.830,
oci,,2,2965,true,200,0.846,
oci,,2,2966,true,200,1.059,
oci,,2,2967,true,200,1.049,
oci,,2,2968,true,200,1.209,
oci,,2,2969,true,200,1.371,
oci,,2,2970,true,200,1.085,
oci,,2,2971,true,200,0.930,
oci,,2,2973,true,200,1.641,
oci,,2,2972,true,200,2.200,
oci,,2,2975,true,200,0.822,
oci,,2,2974,true,200,1.339,
oci,,2,2976,true,200,1.896,
oci,,2,2977,true,200,1.970,
oci,,2,2978,true,200,0.913,
oci,,2,2979,true,200,0.853,
oci,,2,2980,true,200,1.967,
oci,,2,2981,true,200,2.196,
oci,,2,2982,true,200,1.536,
oci,,2,2983,true,200,1.224,
oci,,2,2984,true,200,1.188,
oci,,2,2985,true,200,1.285,
oci,,2,2986,true,200,0.948,
oci,,2,2987,true,200,1.026,
oci,,2,2988,true,200,1.135,
oci,,2,2989,true,200,1.115,
oci,,2,2990,true,200,0.873,
oci,,2,2991,true,200,1.580,
oci,,2,2992,true,200,1.139,
oci,,2,2993,true,200,0.734,
oci,,2,2994,true,200,0.826,
oci,,2,2995,true,200,0.911,
oci,,2,2996,true,200,0.905,
oci,,2,2997,true,200,0.947,
oci,,2,2998,true,200,0.925,
oci,,2,2999,true,200,1.000,
oci,,2,3000,true,200,0.977,
oci,,2,3001,true,200,0.923,
oci,,2,3002,true,200,0.885,
oci,,2,3003,true,200,0.721,
oci,,2,3004,true,200,0.787,
oci,,2,3005,true,200,0.693,
oci,,2,3006,true,200,0.806,
oci,,2,3007,true,200,0.670,
oci,,2,3008,true,200,0.701,
oci,,2,3009,true,200,1.097,
oci,,2,3010,true,200,0.896,
oci,,2,3011,true,200,0.985,
oci,,2,3012,true,200,1.001,
oci,,2,3013,true,200,0.810,
oci,,2,3014,true,200,0.837,
oci,,2,3015,true,200,1.503,
oci,,2,3016,true,200,1.390,
oci,,2,3017,true,200,0.857,
oci,,2,3018,true,200,0.928,
oci,,2,3019,true,200,0.892,
oci,,2,3020,true,200,0.892,
oci,,2,3021,true,200,1.002,
oci,,2,3022,true,200,1.007,
oci,,2,3023,true,200,0.930,
oci,,2,3024,true,200,0.919,
oci,,2,3026,true,200,0.856,
oci,,2,3025,true,200,1.185,
oci,,2,3028,true,200,0.724,
oci,,2,3027,true,200,1.045,
oci,,2,3030,true,200,1.049,
oci,,2,3029,true,200,1.347,
oci,,2,3031,true,200,0.868,
oci,,2,3032,true,200,0.925,
oci,,2,3033,true,200,0.861,
oci,,2,3034,true,200,0.885,
oci,,2,3035,true,200,0.743,
oci,,2,3036,true,200,0.731,
oci,,2,3037,true,200,1.491,
oci,,2,3038,true,200,1.456,
oci,,2,3039,true,200,0.721,
oci,,2,3040,true,200,0.734,
oci,,2,3041,true,200,0.645,
oci,,2,3042,true,200,0.719,
oci,,2,3043,true,200,1.435,
oci,,2,3044,true,200,1.369,
oci,,2,3045,true,200,0.729,
oci,,2,3046,true,200,0.751,
oci,,2,3047,true,200,1.402,
oci,,2,3048,true,200,1.360,
oci,,2,3049,true,200,0.847,
oci,,2,3050,true,200,0.855,
oci,,2,3051,true,200,0.909,
oci,,2,3052,true,200,0.914,
oci,,2,3053,true,200,0.703,
oci,,2,3054,true,200,0.705,
oci,,2,3055,true,200,0.788,
oci,,2,3056,true,200,0.798,
oci,,2,3057,true,200,0.843,
oci,,2,3058,true,200,0.832,
oci,,2,3059,true,200,1.775,
oci,,2,3060,true,200,1.787,
oci,,2,3061,true,200,0.832,
oci,,2,3062,true,200,0.819,
oci,,2,3063,true,200,0.675,
oci,,2,3064,true,200,0.726,
oci,,2,3065,true,200,1.495,
oci,,2,3066,true,200,1.516,
oci,,2,3067,true,200,0.859,
oci,,2,3068,true,200,0.833,
oci,,2,3069,true,200,0.926,
oci,,2,3070,true,200,0.892,
oci,,2,3072,true,200,0.715,
oci,,2,3071,true,200,1.037,
oci,,2,3073,true,200,1.142,
oci,,2,3074,true,200,1.166,
oci,,2,3075,true,200,0.844,
oci,,2,3076,true,200,0.871,
oci,,2,3077,true,200,0.977,
oci,,2,3078,true,200,0.962,
oci,,2,3079,true,200,0.738,
oci,,2,3080,true,200,0.734,
oci,,2,3081,true,200,1.508,
oci,,2,3082,true,200,1.481,
oci,,2,3084,true,200,0.731,
oci,,2,3083,true,200,1.067,
oci,,2,3085,true,200,0.756,
oci,,2,3086,true,200,0.772,
oci,,2,3087,true,200,1.236,
oci,,2,3088,true,200,1.198,
oci,,2,3090,true,200,1.795,
oci,,2,3089,true,200,2.119,
oci,,2,3091,true,200,0.673,
oci,,2,3092,true,200,0.678,
oci,,2,3093,true,200,0.693,
oci,,2,3094,true,200,0.682,
oci,,2,3095,true,200,0.635,
oci,,2,3096,true,200,0.653,
oci,,2,3097,true,200,0.807,
oci,,2,3098,true,200,0.841,
oci,,2,3100,true,200,2.044,
oci,,2,3099,true,200,2.499,
oci,,2,3101,true,200,0.842,
oci,,2,3102,true,200,0.785,
oci,,2,3104,true,200,0.747,
oci,,2,3103,true,200,1.078,
oci,,2,3106,true,200,0.649,
oci,,2,3105,true,200,0.952,
oci,,2,3108,true,200,1.133,
oci,,2,3107,true,200,1.433,
oci,,2,3109,true,200,0.923,
oci,,2,3110,true,200,0.942,
oci,,2,3111,true,200,0.790,
oci,,2,3112,true,200,0.799,
oci,,2,3113,true,200,1.327,
oci,,2,3114,true,200,1.377,
oci,,2,3115,true,200,1.778,
oci,,2,3116,true,200,1.853,
oci,,2,3117,true,200,2.438,
oci,,2,3118,true,200,2.315,
oci,,2,3119,true,200,0.921,
oci,,2,3120,true,200,0.947,
oci,,2,3121,true,200,0.864,
oci,,2,3122,true,200,0.915,
oci,,2,3123,true,200,0.820,
oci,,2,3124,true,200,0.788,
oci,,2,3126,true,200,0.760,
oci,,2,3125,true,200,1.146,
oci,,2,3127,true,200,2.226,
oci,,2,3128,true,200,2.191,
oci,,2,3130,true,200,0.759,
oci,,2,3129,true,200,1.099,
oci,,2,3131,true,200,0.718,
oci,,2,3132,true,200,0.729,
oci,,2,3134,true,200,0.875,
oci,,2,3133,true,200,1.242,
oci,,2,3135,true,200,0.733,
oci,,2,3136,true,200,0.715,
oci,,2,3137,true,200,1.087,
oci,,2,3138,true,200,1.126,
oci,,2,3139,true,200,0.727,
oci,,2,3140,true,200,0.725,
oci,,2,3141,true,200,0.694,
oci,,2,3142,true,200,0.690,
oci,,2,3143,true,200,0.660,
oci,,2,3144,true,200,0.666,
oci,,2,3145,true,200,0.773,
oci,,2,3146,true,200,0.807,
oci,,2,3147,true,200,0.737,
oci,,2,3148,true,200,0.714,
oci,,2,3150,true,200,1.552,
oci,,2,3149,true,200,1.933,
oci,,2,3151,true,200,0.719,
oci,,2,3152,true,200,0.713,
oci,,2,3153,true,200,0.662,
oci,,2,3154,true,200,0.661,
oci,,2,3155,true,200,0.686,
oci,,2,3156,true,200,0.694,
oci,,2,3157,true,200,0.710,
oci,,2,3158,true,200,0.672,
oci,,2,3159,true,200,0.880,
oci,,2,3160,true,200,0.911,
oci,,2,3161,true,200,0.893,
oci,,2,3162,true,200,2.057,
oci,,2,3163,true,200,5.209,
oci,,2,3164,true,200,4.292,
oci,,2,3165,true,200,1.916,
oci,,2,3166,true,200,1.728,
oci,,2,3167,true,200,1.257,
oci,,2,3168,true,200,1.183,
oci,,2,3169,true,200,1.990,
oci,,2,3170,true,200,2.123,
oci,,2,3171,true,200,1.562,
oci,,2,3172,true,200,1.482,
oci,,2,3173,true,200,2.044,
oci,,2,3174,true,200,2.058,
oci,,2,3175,true,200,1.116,
oci,,2,3176,true,200,1.125,
oci,,2,3177,true,200,0.818,
oci,,2,3178,true,200,1.558,
oci,,2,3179,true,200,1.134,
oci,,2,3180,true,200,0.705,
oci,,2,3181,true,200,0.679,
oci,,2,3183,true,200,0.683,
oci,,2,3182,true,200,1.033,
oci,,2,3184,true,200,0.724,
oci,,2,3185,true,200,0.728,
oci,,2,3186,true,200,1.914,
oci,,2,3187,true,200,1.984,
oci,,2,3188,true,200,0.724,
oci,,2,3189,true,200,1.562,
oci,,2,3190,true,200,1.233,
oci,,2,3191,true,200,0.698,
oci,,2,3192,true,200,1.895,
oci,,2,3193,true,200,1.563,
oci,,2,3194,true,200,2.145,
oci,,2,3195,true,200,2.208,
oci,,2,3196,true,200,0.913,
oci,,2,3197,true,200,0.846,
oci,,2,3199,true,200,0.680,
oci,,2,3198,true,200,1.045,
oci,,2,3200,true,200,0.676,
oci,,2,3201,true,200,0.672,
oci,,2,3202,true,200,0.671,
oci,,2,3203,true,200,0.649,
oci,,2,3204,true,200,0.669,
oci,,2,3205,true,200,0.687,
oci,,2,3206,true,200,0.853,
oci,,2,3207,true,200,0.869,
oci,,2,3208,true,200,0.737,
oci,,2,3209,true,200,0.718,
oci,,2,3211,true,200,0.680,
oci,,2,3210,true,200,0.946,
oci,,2,3212,true,200,0.727,
oci,,2,3213,true,200,0.820,
oci,,2,3214,true,200,0.605,
oci,,2,3215,true,200,0.659,
oci,,2,3216,true,200,0.600,
oci,,2,3217,true,200,0.737,
oci,,2,3218,true,200,0.714,
oci,,2,3219,true,200,0.645,
oci,,2,3220,true,200,0.624,
oci,,2,3221,true,200,1.252,
oci,,2,3222,true,200,1.067,
oci,,2,3223,true,200,0.914,
oci,,2,3224,true,200,0.940,
oci,,2,3225,true,200,0.889,
oci,,2,3226,true,200,0.863,
oci,,2,3227,true,200,0.706,
oci,,2,3228,true,200,0.731,
oci,,2,3230,true,200,1.602,
oci,,2,3229,true,200,1.990,
oci,,2,3231,true,200,0.865,
oci,,2,3232,true,200,0.876,
oci,,2,3233,true,200,0.879,
oci,,2,3234,true,200,0.942,
oci,,2,3235,true,200,1.009,
oci,,2,3236,true,200,0.986,
oci,,2,3238,true,200,0.790,
oci,,2,3237,true,200,1.152,
oci,,2,3240,true,200,0.735,
oci,,2,3239,true,200,1.103,
oci,,2,3241,true,200,0.995,
oci,,2,3242,true,200,0.967,
oci,,2,3243,true,200,0.841,
oci,,2,3244,true,200,0.836,
oci,,2,3245,true,200,0.778,
oci,,2,3246,true,200,0.777,
oci,,2,3248,true,200,0.703,
oci,,2,3247,true,200,1.083,
oci,,2,3249,true,200,1.482,
oci,,2,3250,true,200,1.486,
oci,,2,3252,true,200,1.822,
oci,,2,3251,true,200,2.136,
oci,,2,3254,true,200,0.826,
oci,,2,3253,true,200,1.075,
oci,,2,3255,true,200,1.006,
oci,,2,3256,true,200,1.197,
oci,,2,3257,true,200,2.091,
oci,,2,3258,true,200,2.001,
oci,,2,3259,true,200,0.827,
oci,,2,3260,true,200,0.846,
oci,,2,3261,true,200,2.009,
oci,,2,3262,true,200,1.924,
oci,,2,3264,true,200,0.819,
oci,,2,3263,true,200,1.072,
oci,,2,3265,true,200,0.740,
oci,,2,3266,true,200,0.758,
oci,,2,3267,true,200,0.691,
oci,,2,3268,true,200,0.824,
oci,,2,3269,true,200,0.795,
oci,,2,3270,true,200,0.711,
oci,,2,3271,true,200,1.972,
oci,,2,3272,true,200,1.899,
oci,,2,3273,true,200,0.771,
oci,,2,3274,true,200,0.757,
oci,,2,3276,true,200,0.670,
oci,,2,3275,true,200,0.902,
oci,,2,3277,true,200,0.699,
oci,,2,3278,true,200,0.763,
oci,,2,3279,true,200,0.805,
oci,,2,3280,true,200,0.692,
oci,,2,3282,true,200,0.705,
oci,,2,3281,true,200,0.928,
oci,,2,3283,true,200,0.788,
oci,,2,3284,true,200,0.814,
oci,,2,3285,true,200,1.087,
oci,,2,3286,true,200,1.055,
oci,,2,3287,true,200,0.788,
oci,,2,3288,true,200,0.770,
oci,,2,3289,true,200,1.233,
oci,,2,3290,true,200,1.236,
oci,,2,3292,true,200,0.715,
oci,,2,3291,true,200,0.903,
oci,,2,3293,true,200,0.827,
oci,,2,3294,true,200,0.843,
oci,,2,3295,true,200,0.706,
oci,,2,3296,true,200,0.896,
oci,,2,3297,true,200,0.741,
oci,,2,3298,true,200,0.837,
oci,,2,3299,true,200,0.675,
oci,,2,3300,true,200,0.668,
oci,,2,3301,true,200,0.997,
oci,,2,3302,true,200,1.823,
oci,,2,3303,true,200,1.347,
oci,,2,3304,true,200,0.728,
oci,,2,3305,true,200,0.799,
oci,,2,3306,true,200,0.758,
oci,,2,3307,true,200,0.695,
oci,,2,3308,true,200,1.463,
oci,,2,3309,true,200,1.407,
oci,,2,3310,true,200,0.669,
oci,,2,3311,true,200,0.693,
oci,,2,3312,true,200,0.722,
oci,,2,3313,true,200,0.753,
oci,,2,3314,true,200,0.544,
oci,,2,3315,true,200,1.288,
oci,,2,3316,true,200,1.048,
oci,,2,3318,true,200,0.977,
oci,,2,3317,true,200,1.230,
oci,,2,3320,true,200,0.632,
oci,,2,3319,true,200,0.855,
oci,,2,3321,true,200,0.626,
oci,,2,3322,true,200,0.774,
oci,,2,3323,true,200,1.581,
oci,,2,3324,true,200,1.469,
oci,,2,3325,true,200,0.894,
oci,,2,3326,true,200,0.933,
oci,,2,3327,true,200,1.282,
oci,,2,3328,true,200,1.213,
oci,,2,3329,true,200,1.920,
oci,,2,3330,true,200,1.909,
oci,,2,3332,true,200,0.734,
oci,,2,3331,true,200,0.933,
oci,,2,3334,true,200,0.693,
oci,,2,3333,true,200,0.871,
oci,,2,3335,true,200,1.317,
oci,,2,3336,true,200,1.334,
oci,,2,3337,true,200,0.891,
oci,,2,3338,true,200,0.903,
oci,,2,3339,true,200,1.112,
oci,,2,3340,true,200,1.118,
oci,,2,3342,true,200,0.621,
oci,,2,3341,true,200,0.895,
oci,,2,3344,true,200,0.649,
oci,,2,3343,true,200,0.904,
oci,,2,3345,true,200,0.685,
oci,,2,3346,true,200,0.693,
oci,,2,3347,true,200,0.565,
oci,,2,3348,true,200,0.751,
oci,,2,3349,true,200,0.996,
oci,,2,3350,true,200,0.920,
oci,,2,3352,true,200,0.735,
oci,,2,3351,true,200,1.029,
oci,,2,3354,true,200,1.062,
oci,,2,3353,true,200,1.265,
oci,,2,3355,true,200,0.730,
oci,,2,3356,true,200,0.692,
oci,,2,3357,true,200,0.979,
oci,,2,3358,true,200,0.986,
oci,,2,3359,true,200,1.641,
oci,,2,3360,true,200,1.781,
oci,,2,3361,true,200,2.811,
oci,,2,3362,true,200,2.701,
oci,,2,3364,true,200,0.993,
oci,,2,3363,true,200,1.234,
oci,,2,3366,true,200,0.774,
oci,,2,3365,true,200,0.991,
oci,,2,3367,true,200,0.677,
oci,,2,3368,true,200,0.686,
oci,,2,3369,true,200,1.176,
oci,,2,3370,true,200,1.184,
oci,,2,3371,true,200,0.679,
oci,,2,3372,true,200,0.675,
oci,,2,3373,true,200,0.760,
oci,,2,3374,true,200,0.749,
oci,,2,3375,true,200,0.691,
oci,,2,3376,true,200,0.690,
oci,,2,3377,true,200,0.657,
oci,,2,3378,true,200,0.858,
oci,,2,3379,true,200,0.656,
oci,,2,3380,true,200,0.709,
oci,,2,3381,true,200,1.427,
oci,,2,3382,true,200,1.176,
oci,,2,3383,true,200,0.685,
oci,,2,3384,true,200,0.721,
oci,,2,3385,true,200,1.163,
oci,,2,3386,true,200,1.183,
oci,,2,3387,true,200,1.002,
oci,,2,3388,true,200,1.000,
oci,,2,3389,true,200,1.134,
oci,,2,3390,true,200,1.085,
oci,,2,3391,true,200,0.777,
oci,,2,3392,true,200,0.798,
oci,,2,3394,true,200,0.911,
oci,,2,3393,true,200,1.144,
oci,,2,3396,true,200,0.814,
oci,,2,3395,true,200,1.011,
oci,,2,3398,true,200,0.570,
oci,,2,3397,true,200,0.779,
oci,,2,3399,true,200,0.666,
oci,,2,3400,true,200,0.684,
oci,,2,3401,true,200,1.855,
oci,,2,3402,true,200,1.814,
oci,,2,3404,true,200,1.015,
oci,,2,3403,true,200,1.204,
oci,,2,3405,true,200,0.784,
oci,,2,3406,true,200,0.803,
oci,,2,3407,true,200,1.043,
oci,,2,3408,true,200,1.033,
oci,,2,3409,true,200,1.083,
oci,,2,3410,true,200,1.159,
oci,,2,3411,true,200,0.671,
oci,,2,3412,true,200,0.815,
oci,,2,3413,true,200,0.684,
oci,,2,3414,true,200,0.655,
oci,,2,3415,true,200,1.579,
oci,,2,3416,true,200,1.425,
oci,,2,3418,true,200,0.998,
oci,,2,3417,true,200,1.284,
oci,,2,3419,true,200,0.684,
oci,,2,3420,true,200,0.667,
oci,,2,3421,true,200,0.590,
oci,,2,3422,true,200,0.768,
oci,,2,3423,true,200,0.737,
oci,,2,3424,true,200,1.266,
oci,,2,3425,true,200,1.066,
oci,,2,3426,true,200,0.806,
oci,,2,3427,true,200,0.802,
oci,,2,3428,true,200,1.549,
oci,,2,3429,true,200,1.453,
oci,,2,3431,true,200,1.730,
oci,,2,3430,true,200,1.947,
oci,,2,3432,true,200,1.752,
oci,,2,3433,true,200,1.778,
oci,,2,3434,true,200,0.819,
oci,,2,3435,true,200,0.844,
oci,,2,3436,true,200,2.231,
oci,,2,3437,true,200,2.203,
oci,,2,3438,true,200,0.760,
oci,,2,3439,true,200,0.799,
oci,,2,3440,true,200,1.117,
oci,,2,3441,true,200,1.060,
oci,,2,3442,true,200,1.140,
oci,,2,3443,true,200,1.145,
oci,,2,3445,true,200,0.558,
oci,,2,3444,true,200,0.724,
oci,,2,3446,true,200,0.661,
oci,,2,3447,true,200,0.669,
oci,,2,3448,true,200,1.663,
oci,,2,3449,true,200,1.683,
oci,,2,3450,true,200,0.593,
oci,,2,3451,true,200,0.636,
oci,,2,3452,true,200,1.420,
oci,,2,3453,true,200,1.356,
oci,,2,3454,true,200,0.846,
oci,,2,3455,true,200,0.844,
oci,,2,3456,true,200,0.594,
oci,,2,3457,true,200,0.642,
oci,,2,3458,true,200,0.597,
oci,,2,3459,true,200,0.589,
oci,,2,3461,true,200,0.506,
oci,,2,3460,true,200,0.707,
oci,,2,3462,true,200,0.609,
oci,,2,3463,true,200,0.718,
oci,,2,3464,true,200,0.735,
oci,,2,3465,true,200,0.624,
oci,,2,3466,true,200,0.842,
oci,,2,3467,true,200,6.350,
oci,,2,3469,true,200,1.451,
oci,,2,3468,true,200,7.129,
oci,,2,3470,true,200,0.575,
oci,,2,3471,true,200,0.644,
oci,,2,3472,true,200,0.609,
oci,,2,3473,true,200,0.621,
oci,,2,3474,true,200,1.891,
oci,,2,3475,true,200,1.817,
oci,,2,3476,true,200,0.642,
oci,,2,3477,true,200,0.687,
oci,,2,3478,true,200,1.244,
oci,,2,3479,true,200,1.187,
oci,,2,3481,true,200,0.663,
oci,,2,3480,true,200,0.839,
oci,,2,3483,true,200,1.017,
oci,,2,3482,true,200,1.201,
oci,,2,3485,true,200,0.550,
oci,,2,3484,true,200,0.738,
oci,,2,3487,true,200,1.364,
oci,,2,3486,true,200,1.537,
oci,,2,3488,true,200,0.592,
oci,,2,3489,true,200,0.590,
oci,,2,3490,true,200,1.461,
oci,,2,3491,true,200,1.680,
oci,,2,3492,true,200,0.722,
oci,,2,3493,true,200,0.575,
oci,,2,3495,true,200,1.175,
oci,,2,3494,true,200,1.452,
oci,,2,3496,true,200,0.661,
oci,,2,3497,true,200,0.706,
oci,,2,3498,true,200,2.166,
oci,,2,3499,true,200,2.117,
oci,,2,3500,true,200,0.673,
oci,,2,3501,true,200,0.669,
oci,,2,3502,true,200,0.592,
oci,,2,3503,true,200,0.622,
oci,,2,3504,true,200,0.592,
oci,,2,3505,true,200,0.615,
oci,,2,3506,true,200,2.127,
oci,,2,3507,true,200,2.075,
oci,,2,3508,true,200,0.789,
oci,,2,3509,true,200,0.769,
oci,,2,3511,true,200,0.999,
oci,,2,3510,true,200,1.155,
oci,,2,3512,true,200,1.002,
oci,,2,3513,true,200,0.994,
oci,,2,3514,true,200,0.551,
oci,,2,3515,true,200,0.607,
oci,,2,3516,true,200,0.589,
oci,,2,3517,true,200,0.617,
oci,,2,3518,true,200,0.684,
oci,,2,3519,true,200,0.672,
oci,,2,3520,true,200,0.621,
oci,,2,3521,true,200,0.608,
oci,,2,3522,true,200,0.657,
oci,,2,3523,true,200,0.686,
oci,,2,3524,true,200,0.625,
oci,,2,3525,true,200,0.537,
oci,,2,3526,true,200,0.615,
oci,,2,3527,true,200,0.612,
oci,,2,3528,true,200,0.668,
oci,,2,3529,true,200,0.670,
oci,,2,3530,true,200,0.762,
oci,,2,3531,true,200,0.761,
oci,,2,3532,true,200,0.638,
oci,,2,3533,true,200,0.649,
oci,,2,3534,true,200,1.900,
oci,,2,3535,true,200,1.902,
oci,,2,3536,true,200,1.895,
oci,,2,3537,true,200,1.849,
oci,,2,3538,true,200,0.674,
oci,,2,3539,true,200,0.715,
oci,,2,3540,true,200,0.618,
oci,,2,3541,true,200,0.617,
oci,,2,3542,true,200,0.586,
oci,,2,3543,true,200,0.588,
oci,,2,3545,true,200,0.666,
oci,,2,3544,true,200,0.843,
oci,,2,3546,true,200,1.173,
oci,,2,3547,true,200,1.241,
oci,,2,3548,true,200,2.060,
oci,,2,3549,true,200,1.986,
oci,,2,3550,true,200,0.907,
oci,,2,3551,true,200,0.909,
oci,,2,3553,true,200,0.605,
oci,,2,3552,true,200,0.785,
oci,,2,3554,true,200,1.521,
oci,,2,3555,true,200,1.523,
oci,,2,3556,true,200,0.662,
oci,,2,3557,true,200,0.648,
oci,,2,3559,true,200,0.957,
oci,,2,3558,true,200,1.124,
oci,,2,3560,true,200,0.583,
oci,,2,3561,true,200,0.630,
oci,,2,3562,true,200,0.610,
oci,,2,3563,true,200,0.628,
oci,,2,3564,true,200,0.880,
oci,,2,3565,true,200,0.824,
oci,,2,3566,true,200,0.946,
oci,,2,3567,true,200,0.940,
oci,,2,3568,true,200,2.130,
oci,,2,3569,true,200,2.123,
oci,,2,3570,true,200,1.012,
oci,,2,3571,true,200,1.028,
oci,,2,3572,true,200,0.868,
oci,,2,3573,true,200,0.869,
oci,,2,3574,true,200,0.593,
oci,,2,3575,true,200,0.747,
oci,,2,3576,true,200,1.287,
oci,,2,3577,true,200,1.334,
oci,,2,3578,true,200,0.825,
oci,,2,3579,true,200,0.703,
oci,,2,3580,true,200,0.783,
oci,,2,3581,true,200,0.693,
oci,,2,3583,true,200,2.703,
oci,,2,3582,true,200,2.898,
oci,,2,3585,true,200,0.705,
oci,,2,3584,true,200,0.956,
oci,,2,3586,true,200,0.848,
oci,,2,3587,true,200,0.804,
oci,,2,3588,true,200,0.808,
oci,,2,3589,true,200,0.865,
oci,,2,3591,true,200,0.990,
oci,,2,3590,true,200,1.262,
oci,,2,3593,true,200,0.785,
oci,,2,3592,true,200,1.047,
oci,,2,3595,true,200,0.839,
oci,,2,3594,true,200,1.119,
oci,,2,3596,true,200,1.282,
oci,,2,3597,true,200,1.263,
oci,,2,3598,true,200,1.245,
oci,,2,3599,true,200,1.197,
oci,,2,3600,true,200,2.660,
oci,,2,3601,true,200,2.711,
oci,,2,3602,true,200,2.306,
oci,,2,3603,true,200,2.474,
oci,,2,3604,true,200,1.844,
oci,,2,3605,true,200,1.608,
oci,,2,3607,true,200,0.941,
oci,,2,3606,true,200,1.193,
oci,,2,3609,true,200,2.042,
oci,,2,3608,true,200,2.374,
oci,,2,3610,true,200,1.870,
oci,,2,3611,true,200,1.940,
oci,,2,3612,true,200,1.644,
oci,,2,3613,true,200,1.512,
oci,,2,3614,true,200,1.036,
oci,,2,3615,true,200,1.076,
oci,,2,3616,true,200,0.903,
oci,,2,3617,true,200,0.904,
oci,,2,3619,true,200,0.565,
oci,,2,3618,true,200,0.760,
oci,,2,3620,true,200,1.558,
oci,,2,3621,true,200,1.559,
oci,,2,3623,true,200,2.171,
oci,,2,3622,true,200,2.438,
oci,,2,3625,true,200,1.767,
oci,,2,3624,true,200,2.065,
oci,,2,3627,true,200,0.982,
oci,,2,3626,true,200,1.450,
oci,,2,3628,true,200,1.713,
oci,,2,3629,true,200,1.726,
oci,,2,3631,true,200,1.120,
oci,,2,3630,true,200,1.634,
oci,,2,3632,true,200,1.214,
oci,,2,3633,true,200,1.195,
oci,,2,3634,true,200,1.050,
oci,,2,3635,true,200,1.017,
oci,,2,3636,true,200,1.013,
oci,,2,3637,true,200,1.063,
oci,,2,3638,true,200,1.184,
oci,,2,3639,true,200,1.170,
oci,,2,3641,true,200,1.659,
oci,,2,3640,true,200,1.917,
oci,,2,3643,true,200,0.915,
oci,,2,3642,true,200,1.171,
oci,,2,3645,true,200,1.965,
oci,,2,3644,true,200,2.222,
oci,,2,3646,true,200,2.025,
oci,,2,3647,true,200,2.172,
oci,,2,3649,true,200,2.556,
oci,,2,3648,true,200,2.894,
oci,,2,3651,true,200,0.809,
oci,,2,3650,true,200,0.999,
oci,,2,3653,true,200,1.112,
oci,,2,3652,true,200,1.415,
oci,,2,3654,true,200,2.836,
oci,,2,3655,true,200,2.870,
oci,,2,3656,true,200,2.346,
oci,,2,3657,true,200,2.269,
oci,,2,3658,true,200,1.166,
oci,,2,3659,true,200,1.302,
oci,,2,3661,true,200,1.930,
oci,,2,3660,true,200,2.287,
oci,,2,3663,true,200,0.714,
oci,,2,3662,true,200,0.896,
oci,,2,3665,true,200,1.426,
oci,,2,3664,true,200,1.612,
oci,,2,3666,true,200,2.131,
oci,,2,3667,true,200,2.159,
oci,,2,3668,true,200,1.813,
oci,,2,3669,true,200,1.834,
oci,,2,3670,true,200,1.131,
oci,,2,3671,true,200,1.143,
oci,,2,3673,true,200,3.617,
oci,,2,3672,true,200,3.996,
oci,,2,3674,true,200,3.010,
oci,,2,3675,true,200,2.925,
oci,,2,3677,true,200,0.842,
oci,,2,3676,true,200,1.066,
oci,,2,3678,true,200,1.175,
oci,,2,3679,true,200,1.189,
oci,,2,3680,true,200,2.122,
oci,,2,3681,true,200,2.256,
oci,,2,3682,true,200,1.224,
oci,,2,3683,true,200,1.105,
oci,,2,3684,true,200,0.746,
oci,,2,3685,true,200,0.743,
oci,,2,3687,true,200,1.411,
oci,,2,3686,true,200,1.661,
oci,,2,3689,true,200,0.872,
oci,,2,3688,true,200,1.133,
oci,,2,3691,true,200,1.115,
oci,,2,3690,true,200,1.400,
oci,,2,3692,true,200,1.089,
oci,,2,3693,true,200,1.135,
oci,,2,3694,true,200,1.909,
oci,,2,3695,true,200,1.954,
oci,,2,3697,true,200,1.785,
oci,,2,3696,true,200,2.162,
oci,,2,3699,true,200,1.916,
oci,,2,3698,true,200,2.194,
oci,,2,3701,true,200,2.131,
oci,,2,3700,true,200,2.427,
oci,,2,3702,true,200,1.310,
oci,,2,3703,true,200,1.424,
oci,,2,3705,true,200,1.114,
oci,,2,3704,true,200,1.496,
oci,,2,3706,true,200,1.065,
oci,,2,3707,true,200,1.092,
oci,,2,3708,true,200,2.031,
oci,,2,3709,true,200,2.089,
oci,,2,3710,true,200,1.138,
oci,,2,3711,true,200,1.209,
oci,,2,3712,true,200,1.205,
oci,,2,3713,true,200,1.058,
oci,,2,3715,true,200,0.914,
oci,,2,3714,true,200,1.175,
oci,,2,3716,true,200,1.381,
oci,,2,3717,true,200,1.313,
oci,,2,3718,true,200,0.828,
oci,,2,3719,true,200,0.837,
oci,,2,3720,true,200,0.721,
oci,,2,3721,true,200,0.709,
oci,,2,3722,true,200,1.362,
oci,,2,3723,true,200,1.431,
oci,,2,3724,true,200,1.672,
oci,,2,3725,true,200,1.641,
oci,,2,3727,true,200,0.959,
oci,,2,3726,true,200,1.159,
oci,,2,3728,true,200,0.781,
oci,,2,3729,true,200,0.845,
oci,,2,3730,true,200,0.737,
oci,,2,3731,true,200,0.728,
oci,,2,3733,true,200,0.618,
oci,,2,3732,true,200,0.867,
oci,,2,3734,true,200,2.018,
oci,,2,3735,true,200,2.088,
oci,,2,3736,true,200,0.807,
oci,,2,3737,true,200,0.746,
oci,,2,3738,true,200,0.817,
oci,,2,3739,true,200,0.851,
oci,,2,3740,true,200,1.042,
oci,,2,3741,true,200,1.044,
oci,,2,3743,true,200,0.843,
oci,,2,3742,true,200,1.232,
oci,,2,3744,true,200,1.545,
oci,,2,3745,true,200,1.848,
oci,,2,3746,true,200,2.774,
oci,,2,3747,true,200,2.413,
oci,,2,3748,true,200,1.970,
oci,,2,3749,true,200,1.872,
oci,,2,3750,true,200,0.772,
oci,,2,3751,true,200,0.795,
oci,,2,3753,true,200,1.073,
oci,,2,3752,true,200,1.374,
oci,,2,3755,true,200,1.797,
oci,,2,3754,true,200,2.099,
oci,,2,3756,true,200,1.975,
oci,,2,3757,true,200,1.999,
oci,,2,3758,true,200,1.782,
oci,,2,3759,true,200,1.782,
oci,,2,3761,true,200,0.961,
oci,,2,3760,true,200,1.207,
oci,,2,3763,true,200,2.030,
oci,,2,3762,true,200,2.282,
oci,,2,3765,true,200,2.427,
oci,,2,3764,true,200,2.835,
oci,,2,3766,true,200,1.167,
oci,,2,3767,true,200,0.987,
oci,,2,3768,true,200,1.200,
oci,,2,3769,true,200,1.242,
oci,,2,3770,true,200,0.753,
oci,,2,3771,true,200,0.698,
oci,,2,3773,true,200,0.733,
oci,,2,3772,true,200,0.982,
oci,,2,3774,true,200,1.016,
oci,,2,3775,true,200,1.164,
oci,,2,3777,true,200,0.750,
oci,,2,3776,true,200,1.130,
oci,,2,3778,true,200,1.313,
oci,,2,3779,true,200,1.396,
oci,,2,3780,true,200,1.839,
oci,,2,3781,true,200,1.906,
oci,,2,3782,true,200,0.994,
oci,,2,3783,true,200,1.594,
oci,,2,3784,true,200,1.112,
oci,,2,3785,true,200,0.924,
oci,,2,3786,true,200,1.900,
oci,,2,3787,true,200,1.531,
oci,,2,3789,true,200,0.774,
oci,,2,3788,true,200,1.174,
oci,,2,3790,true,200,1.894,
oci,,2,3791,true,200,1.874,
oci,,2,3793,true,200,0.833,
oci,,2,3792,true,200,1.060,
oci,,2,3794,true,200,1.417,
oci,,2,3795,true,200,1.479,
oci,,2,3796,true,200,1.337,
oci,,2,3797,true,200,1.219,
oci,,2,3799,true,200,0.828,
oci,,2,3798,true,200,1.039,
oci,,2,3800,true,200,0.794,
oci,,2,3801,true,200,0.811,
oci,,2,3803,true,200,0.567,
oci,,2,3802,true,200,0.792,
oci,,2,3805,true,200,1.578,
oci,,2,3804,true,200,1.805,
oci,,2,3807,true,200,0.851,
oci,,2,3806,true,200,1.096,
oci,,2,3808,true,200,1.018,
oci,,2,3809,true,200,1.007,
oci,,2,3810,true,200,0.973,
oci,,2,3811,true,200,1.052,
oci,,2,3813,true,200,1.357,
oci,,2,3812,true,200,1.757,
oci,,2,3814,true,200,2.393,
oci,,2,3815,true,200,2.499,
oci,,2,3817,true,200,2.911,
oci,,2,3816,true,200,3.336,
oci,,2,3819,true,200,0.842,
oci,,2,3818,true,200,1.110,
oci,,2,3821,true,200,2.837,
oci,,2,3820,true,200,3.174,
oci,,2,3823,true,200,0.864,
oci,,2,3822,true,200,1.127,
oci,,2,3824,true,200,1.055,
oci,,2,3825,true,200,1.304,
oci,,2,3826,true,200,1.295,
oci,,2,3827,true,200,1.113,
oci,,2,3828,true,200,1.387,
oci,,2,3829,true,200,1.424,
oci,,2,3831,true,200,1.866,
oci,,2,3830,true,200,2.180,
oci,,2,3833,true,200,0.722,
oci,,2,3832,true,200,0.967,
oci,,2,3834,true,200,1.350,
oci,,2,3835,true,200,1.343,
oci,,2,3836,true,200,2.775,
oci,,2,3837,true,200,2.871,
oci,,2,3838,true,200,3.495,
oci,,2,3839,true,200,3.496,
oci,,2,3840,true,200,0.906,
oci,,2,3841,true,200,0.917,
oci,,2,3842,true,200,0.812,
oci,,2,3843,true,200,0.759,
oci,,2,3844,true,200,2.213,
oci,,2,3845,true,200,2.247,
oci,,2,3847,true,200,8.337,
oci,,2,3846,true,200,8.573,
oci,,2,3849,true,200,1.292,
oci,,2,3848,true,200,1.530,
oci,,2,3850,true,200,0.940,
oci,,2,3851,true,200,0.908,
oci,,2,3852,true,200,1.746,
oci,,2,3853,true,200,1.770,
oci,,2,3855,true,200,1.673,
oci,,2,3854,true,200,1.896,
oci,,2,3856,true,200,1.013,
oci,,2,3857,true,200,1.021,
oci,,2,3859,true,200,1.934,
oci,,2,3858,true,200,2.141,
oci,,2,3860,true,200,0.662,
oci,,2,3861,true,200,0.652,
oci,,2,3862,true,200,1.460,
oci,,2,3863,true,200,1.459,
oci,,2,3864,true,200,0.799,
oci,,2,3865,true,200,0.813,
oci,,2,3866,true,200,0.994,
oci,,2,3867,true,200,1.022,
oci,,2,3868,true,200,0.608,
oci,,2,3869,true,200,0.691,
oci,,2,3871,true,200,2.152,
oci,,2,3870,true,200,2.443,
oci,,2,3872,true,200,0.780,
oci,,2,3873,true,200,0.789,
oci,,2,3874,true,200,1.263,
oci,,2,3875,true,200,1.254,
oci,,2,3876,true,200,2.018,
oci,,2,3877,true,200,2.037,
oci,,2,3878,true,200,0.880,
oci,,2,3879,true,200,0.886,
oci,,2,3880,true,200,0.637,
oci,,2,3881,true,200,0.623,
oci,,2,3882,true,200,1.390,
oci,,2,3883,true,200,1.424,
oci,,2,3884,true,200,0.772,
oci,,2,3885,true,200,0.778,
oci,,2,3886,true,200,1.387,
oci,,2,3887,true,200,1.341,
oci,,2,3889,true,200,0.653,
oci,,2,3888,true,200,0.838,
oci,,2,3891,true,200,0.799,
oci,,2,3890,true,200,0.988,
oci,,2,3892,true,200,0.580,
oci,,2,3893,true,200,0.642,
oci,,2,3894,true,200,0.685,
oci,,2,3895,true,200,0.626,
oci,,2,3896,true,200,0.629,
oci,,2,3897,true,200,0.676,
oci,,2,3898,true,200,0.613,
oci,,2,3899,true,200,0.592,
oci,,2,3900,true,200,0.584,
oci,,2,3901,true,200,0.568,
oci,,2,3903,true,200,0.742,
oci,,2,3902,true,200,0.955,
oci,,2,3905,true,200,0.549,
oci,,2,3904,true,200,0.764,
oci,,2,3906,true,200,1.735,
oci,,2,3907,true,200,1.770,
oci,,2,3908,true,200,0.643,
oci,,2,3909,true,200,0.664,
oci,,2,3910,true,200,1.085,
oci,,2,3911,true,200,1.014,
oci,,2,3912,true,200,0.630,
oci,,2,3913,true,200,0.632,
oci,,2,3914,true,200,0.553,
oci,,2,3915,true,200,0.614,
oci,,2,3916,true,200,0.748,
oci,,2,3917,true,200,0.693,
oci,,2,3918,true,200,0.586,
oci,,2,3919,true,200,0.650,
oci,,2,3920,true,200,0.527,
oci,,2,3921,true,200,0.585,
oci,,2,3922,true,200,0.512,
oci,,2,3923,true,200,0.645,
oci,,2,3924,true,200,0.535,
oci,,2,3925,true,200,0.557,
oci,,2,3926,true,200,0.518,
oci,,2,3927,true,200,0.580,
oci,,2,3928,true,200,0.632,
oci,,2,3929,true,200,0.624,
oci,,2,3930,true,200,0.538,
oci,,2,3931,true,200,1.508,
oci,,2,3932,true,200,1.473,
oci,,2,3933,true,200,0.638,
oci,,2,3934,true,200,0.662,
oci,,2,3935,true,200,0.584,
oci,,2,3936,true,200,0.619,
oci,,2,3937,true,200,1.794,
oci,,2,3938,true,200,1.739,
oci,,2,3939,true,200,0.721,
oci,,2,3940,true,200,0.715,
oci,,2,3941,true,200,1.112,
oci,,2,3942,true,200,1.122,
oci,,2,3943,true,200,0.620,
oci,,2,3944,true,200,0.698,
oci,,2,3945,true,200,0.476,
oci,,2,3946,true,200,0.951,
oci,,2,3947,true,200,0.831,
oci,,2,3948,true,200,0.554,
oci,,2,3949,true,200,0.602,
oci,,2,3950,true,200,1.901,
oci,,2,3951,true,200,1.742,
oci,,2,3953,true,200,1.708,
oci,,2,3952,true,200,1.903,
oci,,2,3955,true,200,0.562,
oci,,2,3954,true,200,0.759,
oci,,2,3956,true,200,0.612,
oci,,2,3957,true,200,0.607,
oci,,2,3959,true,200,1.574,
oci,,2,3958,true,200,1.734,
oci,,2,3961,true,200,0.605,
oci,,2,3960,true,200,0.767,
oci,,2,3962,true,200,1.433,
oci,,2,3963,true,200,1.436,
oci,,2,3965,true,200,0.598,
oci,,2,3964,true,200,0.775,
oci,,2,3966,true,200,1.296,
oci,,2,3967,true,200,1.298,
oci,,2,3968,true,200,0.837,
oci,,2,3969,true,200,0.971,
oci,,2,3970,true,200,0.880,
oci,,2,3971,true,200,0.835,
oci,,2,3973,true,200,0.872,
oci,,2,3972,true,200,1.279,
oci,,2,3974,true,200,2.232,
oci,,2,3975,true,200,2.248,
oci,,2,3976,true,200,0.846,
oci,,2,3977,true,200,0.824,
oci,,2,3978,true,200,0.912,
oci,,2,3979,true,200,0.957,
oci,,2,3980,true,200,1.023,
oci,,2,3981,true,200,1.000,
oci,,2,3982,true,200,0.846,
oci,,2,3983,true,200,0.869,
oci,,2,3984,true,200,0.862,
oci,,2,3985,true,200,0.854,
oci,,2,3986,true,200,0.888,
oci,,2,3987,true,200,0.912,
oci,,2,3988,true,200,0.749,
oci,,2,3989,true,200,0.717,
oci,,2,3990,true,200,1.490,
oci,,2,3991,true,200,1.478,
oci,,2,3992,true,200,0.672,
oci,,2,3993,true,200,0.689,
oci,,2,3994,true,200,0.646,
oci,,2,3995,true,200,0.992,
oci,,2,3996,true,200,0.686,
oci,,2,3997,true,200,1.320,
oci,,2,3998,true,200,1.315,
oci,,2,3999,true,200,1.940,
oci,,2,4000,true,200,1.983,
oci,,2,4001,true,200,0.696,
oci,,2,4002,true,200,0.682,
oci,,2,4003,true,200,1.063,
oci,,2,4004,true,200,1.030,
oci,,2,4006,true,200,0.665,
oci,,2,4005,true,200,1.003,
oci,,2,4007,true,200,0.715,
oci,,2,4008,true,200,0.720,
oci,,2,4010,true,200,1.659,
oci,,2,4009,true,200,2.038,
oci,,2,4011,true,200,1.737,
oci,,2,4012,true,200,1.744,
oci,,2,4013,true,200,2.030,
oci,,2,4014,true,200,1.988,
oci,,2,4016,true,200,0.743,
oci,,2,4015,true,200,1.061,
oci,,2,4017,true,200,2.083,
oci,,2,4018,true,200,2.100,
oci,,2,4019,true,200,1.976,
oci,,2,4020,true,200,1.973,
oci,,2,4022,true,200,1.825,
oci,,2,4021,true,200,2.200,
oci,,2,4024,true,200,0.720,
oci,,2,4023,true,200,1.107,
oci,,2,4025,true,200,0.788,
oci,,2,4026,true,200,0.772,
oci,,2,4028,true,200,0.901,
oci,,2,4027,true,200,1.365,
oci,,2,4030,true,200,0.722,
oci,,2,4029,true,200,1.234,
oci,,2,4031,true,200,0.944,
oci,,2,4032,true,200,0.891,
oci,,2,4034,true,200,0.921,
oci,,2,4033,true,200,1.348,
oci,,2,4035,true,200,2.005,
oci,,2,4036,true,200,1.936,
oci,,2,4037,true,200,2.380,
oci,,2,4038,true,200,2.340,
oci,,2,4040,true,200,0.900,
oci,,2,4039,true,200,1.395,
oci,,2,4042,true,200,0.760,
oci,,2,4041,true,200,1.269,
oci,,2,4043,true,200,0.736,
oci,,2,4044,true,200,0.713,
oci,,2,4045,true,200,1.783,
oci,,2,4046,true,200,1.833,
oci,,2,4047,true,200,1.957,
oci,,2,4048,true,200,1.948,
oci,,2,4049,true,200,0.792,
oci,,2,4050,true,200,0.765,
oci,,2,4051,true,200,1.069,
oci,,2,4052,true,200,1.080,
oci,,2,4053,true,200,0.857,
oci,,2,4054,true,200,0.828,
oci,,2,4055,true,200,0.981,
oci,,2,4056,true,200,0.932,
oci,,2,4058,true,200,0.739,
oci,,2,4057,true,200,1.023,
oci,,2,4059,true,200,0.670,
oci,,2,4060,true,200,0.729,
oci,,2,4061,true,200,0.693,
oci,,2,4062,true,200,0.699,
oci,,2,4063,true,200,0.718,
oci,,2,4064,true,200,0.714,
oci,,2,4065,true,200,1.044,
oci,,2,4066,true,200,1.125,
oci,,2,4067,true,200,0.877,
oci,,2,4068,true,200,0.777,
oci,,2,4069,true,200,0.769,
oci,,2,4070,true,200,0.794,
oci,,2,4071,true,200,0.640,
oci,,2,4072,true,200,0.619,
oci,,2,4074,true,200,3.709,
oci,,2,4073,true,200,4.145,
oci,,2,4075,true,200,1.008,
oci,,2,4076,true,200,0.958,
oci,,2,4077,true,200,0.722,
oci,,2,4078,true,200,0.685,
oci,,2,4079,true,200,0.886,
oci,,2,4080,true,200,0.894,
oci,,2,4081,true,200,0.806,
oci,,2,4082,true,200,0.789,
oci,,2,4083,true,200,0.632,
oci,,2,4084,true,200,0.622,
oci,,2,4085,true,200,1.623,
oci,,2,4086,true,200,1.564,
oci,,2,4087,true,200,0.639,
oci,,2,4088,true,200,0.701,
oci,,2,4089,true,200,2.305,
oci,,2,4090,true,200,2.378,
oci,,2,4091,true,200,0.864,
oci,,2,4092,true,200,0.828,
oci,,2,4093,true,200,1.023,
oci,,2,4094,true,200,1.069,
oci,,2,4095,true,200,0.832,
oci,,2,4096,true,200,0.769,
oci,,2,4097,true,200,0.665,
oci,,2,4098,true,200,0.680,
oci,,2,4099,true,200,1.494,
oci,,2,4100,true,200,1.505,
oci,,2,4101,true,200,0.700,
oci,,2,4102,true,200,0.674,
oci,,2,4103,true,200,0.629,
oci,,2,4104,true,200,0.635,
oci,,2,4105,true,200,0.630,
oci,,2,4106,true,200,0.675,
oci,,2,4107,true,200,0.643,
oci,,2,4108,true,200,0.708,
oci,,2,4110,true,200,1.307,
oci,,2,4109,true,200,1.879,
oci,,2,4111,true,200,0.782,
oci,,2,4112,true,200,0.653,
oci,,2,4113,true,200,0.825,
oci,,2,4114,true,200,0.839,
oci,,2,4115,true,200,0.708,
oci,,2,4116,true,200,0.712,
oci,,2,4117,true,200,1.482,
oci,,2,4118,true,200,1.489,
oci,,2,4119,true,200,0.763,
oci,,2,4120,true,200,0.741,
oci,,2,4122,true,200,1.171,
oci,,2,4121,true,200,1.498,
oci,,2,4123,true,200,2.820,
oci,,2,4124,true,200,2.855,
oci,,2,4125,true,200,0.732,
oci,,2,4126,true,200,0.715,
oci,,2,4127,true,200,0.639,
oci,,2,4128,true,200,2.126,
oci,,2,4129,true,200,1.832,
oci,,2,4130,true,200,1.998,
oci,,2,4131,true,200,1.962,
oci,,2,4133,true,200,0.674,
oci,,2,4132,true,200,0.967,
oci,,2,4134,true,200,1.045,
oci,,2,4135,true,200,1.076,
oci,,2,4136,true,200,1.042,
oci,,2,4137,true,200,1.047,
oci,,2,4138,true,200,0.840,
oci,,2,4139,true,200,0.836,
oci,,2,4141,true,200,0.771,
oci,,2,4140,true,200,1.117,
oci,,2,4142,true,200,0.976,
oci,,2,4143,true,200,1.025,
oci,,2,4144,true,200,0.715,
oci,,2,4145,true,200,0.775,
oci,,2,4146,true,200,1.354,
oci,,2,4147,true,200,1.236,
oci,,2,4148,true,200,0.708,
oci,,2,4149,true,200,0.709,
oci,,2,4150,true,200,0.703,
oci,,2,4151,true,200,0.727,
oci,,2,4152,true,200,0.666,
oci,,2,4153,true,200,1.402,
oci,,2,4154,true,200,1.155,
oci,,2,4155,true,200,0.807,
oci,,2,4156,true,200,0.778,
oci,,2,4157,true,200,0.690,
oci,,2,4158,true,200,0.714,
oci,,2,4159,true,200,0.659,
oci,,2,4160,true,200,0.665,
oci,,2,4161,true,200,0.624,
oci,,2,4162,true,200,1.529,
oci,,2,4163,true,200,1.368,
oci,,2,4164,true,200,0.726,
oci,,2,4165,true,200,0.686,
oci,,2,4166,true,200,1.212,
oci,,2,4167,true,200,1.172,
oci,,2,4169,true,200,0.896,
oci,,2,4168,true,200,1.218,
oci,,2,4170,true,200,0.844,
oci,,2,4171,true,200,0.824,
oci,,2,4172,true,200,1.048,
oci,,2,4173,true,200,1.043,
oci,,2,4174,true,200,0.970,
oci,,2,4175,true,200,1.199,
oci,,2,4176,true,200,0.957,
oci,,2,4177,true,200,0.781,
oci,,2,4178,true,200,0.773,
oci,,2,4179,true,200,0.759,
oci,,2,4181,true,200,2.448,
oci,,2,4180,true,200,2.731,
oci,,2,4182,true,200,0.789,
oci,,2,4183,true,200,0.868,
oci,,2,4184,true,200,0.735,
oci,,2,4185,true,200,0.740,
oci,,2,4186,true,200,1.281,
oci,,2,4187,true,200,1.281,
oci,,2,4188,true,200,0.823,
oci,,2,4189,true,200,0.823,
oci,,2,4190,true,200,0.677,
oci,,2,4191,true,200,0.731,
oci,,2,4192,true,200,0.611,
oci,,2,4193,true,200,0.641,
oci,,2,4194,true,200,1.965,
oci,,2,4195,true,200,1.870,
oci,,2,4196,true,200,0.844,
oci,,2,4197,true,200,0.846,
oci,,2,4198,true,200,0.784,
oci,,2,4199,true,200,0.830,
oci,,2,4200,true,200,1.141,
oci,,2,4201,true,200,1.049,
oci,,2,4202,true,200,1.977,
oci,,2,4203,true,200,2.039,
oci,,2,4204,true,200,0.830,
oci,,2,4205,true,200,0.828,
oci,,2,4206,true,200,1.017,
oci,,2,4207,true,200,1.050,
oci,,2,4208,true,200,0.781,
oci,,2,4209,true,200,0.805,
oci,,2,4210,true,200,1.301,
oci,,2,4211,true,200,1.328,
oci,,2,4212,true,200,0.839,
oci,,2,4213,true,200,0.816,
oci,,2,4214,true,200,0.923,
oci,,2,4215,true,200,0.907,
oci,,2,4216,true,200,0.695,
oci,,2,4217,true,200,0.703,
oci,,2,4218,true,200,0.770,
oci,,2,4219,true,200,0.784,
oci,,2,4221,true,200,1.356,
oci,,2,4220,true,200,1.737,
oci,,2,4222,true,200,0.673,
oci,,2,4223,true,200,0.664,
oci,,2,4224,true,200,1.583,
oci,,2,4225,true,200,1.630,
oci,,2,4226,true,200,0.786,
oci,,2,4227,true,200,0.879,
oci,,2,4228,true,200,0.887,
oci,,2,4229,true,200,0.844,
oci,,2,4230,true,200,0.695,
oci,,2,4231,true,200,0.592,
oci,,2,4232,true,200,1.510,
oci,,2,4233,true,200,1.538,
oci,,2,4234,true,200,0.690,
oci,,2,4235,true,200,0.696,
oci,,2,4237,true,200,0.684,
oci,,2,4236,true,200,1.040,
oci,,2,4238,true,200,0.705,
oci,,2,4239,true,200,0.695,
oci,,2,4241,true,200,0.657,
oci,,2,4240,true,200,0.994,
oci,,2,4242,true,200,0.760,
oci,,2,4243,true,200,0.770,
oci,,2,4244,true,200,0.707,
oci,,2,4245,true,200,0.694,
oci,,2,4246,true,200,0.886,
oci,,2,4247,true,200,0.879,
oci,,2,4248,true,200,1.217,
oci,,2,4249,true,200,1.227,
oci,,2,4250,true,200,0.933,
oci,,2,4251,true,200,0.968,
oci,,2,4252,true,200,1.330,
oci,,2,4253,true,200,1.601,
oci,,2,4254,true,200,1.168,
oci,,2,4255,true,200,0.844,
oci,,2,4256,true,200,0.709,
oci,,2,4257,true,200,0.679,
oci,,2,4258,true,200,0.797,
oci,,2,4259,true,200,0.802,
oci,,2,4260,true,200,0.675,
oci,,2,4261,true,200,0.703,
oci,,2,4262,true,200,0.688,
oci,,2,4263,true,200,1.001,
oci,,2,4264,true,200,0.675,
oci,,2,4266,true,200,1.043,
oci,,2,4265,true,200,1.402,
oci,,2,4267,true,200,0.700,
oci,,2,4268,true,200,0.682,
oci,,2,4269,true,200,1.486,
oci,,2,4270,true,200,1.637,
oci,,2,4271,true,200,1.003,
oci,,2,4272,true,200,0.888,
oci,,2,4273,true,200,0.741,
oci,,2,4274,true,200,0.794,
oci,,2,4275,true,200,0.805,
oci,,2,4276,true,200,0.872,
oci,,2,4277,true,200,1.004,
oci,,2,4278,true,200,0.905,
oci,,2,4279,true,200,0.912,
oci,,2,4280,true,200,0.851,
oci,,2,4281,true,200,0.744,
oci,,2,4282,true,200,0.756,
oci,,2,4283,true,200,0.706,
oci,,2,4284,true,200,0.719,
oci,,2,4285,true,200,0.693,
oci,,2,4286,true,200,0.666,
oci,,2,4287,true,200,2.065,
oci,,2,4288,true,200,2.131,
oci,,2,4289,true,200,1.979,
oci,,2,4290,true,200,1.989,
oci,,2,4291,true,200,0.783,
oci,,2,4292,true,200,0.721,
oci,,2,4294,true,200,1.008,
oci,,2,4293,true,200,1.341,
oci,,2,4295,true,200,0.847,
oci,,2,4296,true,200,0.851,
oci,,2,4297,true,200,1.056,
oci,,2,4298,true,200,1.057,
oci,,2,4299,true,200,0.753,
oci,,2,4300,true,200,0.759,
oci,,2,4301,true,200,1.378,
oci,,2,4302,true,200,1.372,
oci,,2,4303,true,200,2.222,
oci,,2,4304,true,200,2.198,
oci,,2,4305,true,200,2.921,
oci,,2,4306,true,200,3.091,
oci,,2,4308,true,200,1.546,
oci,,2,4307,true,200,2.080,
oci,,2,4309,true,200,0.835,
oci,,2,4310,true,200,0.811,
oci,,2,4311,true,200,0.919,
oci,,2,4312,true,200,0.907,
oci,,2,4313,true,200,0.752,
oci,,2,4314,true,200,0.723,
oci,,2,4315,true,200,0.668,
oci,,2,4316,true,200,0.773,
oci,,2,4317,true,200,1.670,
oci,,2,4318,true,200,1.548,
oci,,2,4320,true,200,0.680,
oci,,2,4319,true,200,1.016,
oci,,2,4321,true,200,0.669,
oci,,2,4322,true,200,0.661,
oci,,2,4323,true,200,1.279,
oci,,2,4324,true,200,1.282,
oci,,2,4326,true,200,0.643,
oci,,2,4325,true,200,0.993,
oci,,2,4327,true,200,1.086,
oci,,2,4328,true,200,1.071,
oci,,2,4330,true,200,0.711,
oci,,2,4329,true,200,1.028,
oci,,2,4331,true,200,1.216,
oci,,2,4332,true,200,1.273,
oci,,2,4333,true,200,0.735,
oci,,2,4334,true,200,0.705,
oci,,2,4335,true,200,2.332,
oci,,2,4336,true,200,2.346,
oci,,2,4337,true,200,1.953,
oci,,2,4338,true,200,1.944,
oci,,2,4339,true,200,0.724,
oci,,2,4340,true,200,0.741,
oci,,2,4341,true,200,1.326,
oci,,2,4342,true,200,1.306,
oci,,2,4343,true,200,0.819,
oci,,2,4344,true,200,0.786,
oci,,2,4345,true,200,0.932,
oci,,2,4346,true,200,0.918,
oci,,2,4347,true,200,0.823,
oci,,2,4348,true,200,0.805,
oci,,2,4349,true,200,2.243,
oci,,2,4350,true,200,2.271,
oci,,2,4351,true,200,0.666,
oci,,2,4352,true,200,0.657,
oci,,2,4354,true,200,1.231,
oci,,2,4353,true,200,1.567,
oci,,2,4355,true,200,0.773,
oci,,2,4356,true,200,0.761,
oci,,2,4357,true,200,2.253,
oci,,2,4358,true,200,2.314,
oci,,2,4359,true,200,0.772,
oci,,2,4360,true,200,0.731,
oci,,2,4362,true,200,0.677,
oci,,2,4361,true,200,0.999,
oci,,2,4364,true,200,0.783,
oci,,2,4363,true,200,1.071,
oci,,2,4365,true,200,0.825,
oci,,2,4366,true,200,0.890,
oci,,2,4367,true,200,1.413,
oci,,2,4368,true,200,1.427,
oci,,2,4369,true,200,2.010,
oci,,2,4370,true,200,1.968,
oci,,2,4372,true,200,0.682,
oci,,2,4371,true,200,1.024,
oci,,2,4373,true,200,0.982,
oci,,2,4374,true,200,0.992,
oci,,2,4375,true,200,0.638,
oci,,2,4376,true,200,0.635,
oci,,2,4377,true,200,1.444,
oci,,2,4378,true,200,1.443,
oci,,2,4379,true,200,0.607,
oci,,2,4380,true,200,0.623,
oci,,2,4381,true,200,0.655,
oci,,2,4382,true,200,0.671,
oci,,2,4383,true,200,0.789,
oci,,2,4384,true,200,0.768,
oci,,2,4385,true,200,0.846,
oci,,2,4386,true,200,0.850,
oci,,2,4387,true,200,1.023,
oci,,2,4388,true,200,1.008,
oci,,2,4390,true,200,0.866,
oci,,2,4389,true,200,1.138,
oci,,2,4391,true,200,0.870,
oci,,2,4392,true,200,0.929,
oci,,2,4394,true,200,0.684,
oci,,2,4393,true,200,1.023,
oci,,2,4395,true,200,0.698,
oci,,2,4396,true,200,0.703,
oci,,2,4397,true,200,1.632,
oci,,2,4398,true,200,1.676,
oci,,2,4400,true,200,0.687,
oci,,2,4399,true,200,1.097,
oci,,2,4401,true,200,0.771,
oci,,2,4402,true,200,0.810,
oci,,2,4403,true,200,1.328,
oci,,2,4404,true,200,1.369,
oci,,2,4405,true,200,0.899,
oci,,2,4406,true,200,0.789,
oci,,2,4408,true,200,0.732,
oci,,2,4407,true,200,1.072,
oci,,2,4409,true,200,0.937,
oci,,2,4410,true,200,0.944,
oci,,2,4412,true,200,0.850,
oci,,2,4411,true,200,1.228,
oci,,2,4414,true,200,2.171,
oci,,2,4413,true,200,2.662,
oci,,2,4416,true,200,1.037,
oci,,2,4415,true,200,1.548,
oci,,2,4418,true,200,1.140,
oci,,2,4417,true,200,1.605,
oci,,2,4419,true,200,2.000,
oci,,2,4420,true,200,1.966,
oci,,2,4421,true,200,0.860,
oci,,2,4422,true,200,0.856,
oci,,2,4423,true,200,0.725,
oci,,2,4424,true,200,0.745,
oci,,2,4425,true,200,0.658,
oci,,2,4426,true,200,0.639,
oci,,2,4427,true,200,1.860,
oci,,2,4428,true,200,1.841,
oci,,2,4430,true,200,0.736,
oci,,2,4429,true,200,1.057,
oci,,2,4431,true,200,0.977,
oci,,2,4432,true,200,1.079,
oci,,2,4433,true,200,0.866,
oci,,2,4434,true,200,0.765,
oci,,2,4435,true,200,0.851,
oci,,2,4436,true,200,0.859,
oci,,2,4437,true,200,0.872,
oci,,2,4438,true,200,0.872,
oci,,2,4440,true,200,0.934,
oci,,2,4439,true,200,1.259,
oci,,2,4441,true,200,1.018,
oci,,2,4442,true,200,1.010,
oci,,2,4444,true,200,0.812,
oci,,2,4443,true,200,1.136,
oci,,2,4445,true,200,0.697,
oci,,2,4446,true,200,0.696,
oci,,2,4447,true,200,1.517,
oci,,2,4448,true,200,1.511,
oci,,2,4450,true,200,0.704,
oci,,2,4449,true,200,1.059,
oci,,2,4451,true,200,0.814,
oci,,2,4452,true,200,0.798,
oci,,2,4453,true,200,0.699,
oci,,2,4454,true,200,0.765,
oci,,2,4455,true,200,0.646,
oci,,2,4456,true,200,0.661,
oci,,2,4457,true,200,0.618,
oci,,2,4458,true,200,0.601,
oci,,2,4459,true,200,0.887,
oci,,2,4460,true,200,0.804,
oci,,2,4461,true,200,0.644,
oci,,2,4462,true,200,0.632,
oci,,2,4463,true,200,0.724,
oci,,2,4464,true,200,0.728,
oci,,2,4465,true,200,1.953,
oci,,2,4466,true,200,2.536,
oci,,2,4467,true,200,0.943,
oci,,2,4469,true,200,0.799,
oci,,2,4468,true,200,1.237,
oci,,2,4470,true,200,0.743,
oci,,2,4471,true,200,1.835,
oci,,2,4472,true,200,1.542,
oci,,2,4473,true,200,0.963,
oci,,2,4474,true,200,0.902,
oci,,2,4475,true,200,0.766,
oci,,2,4476,true,200,0.738,
oci,,2,4478,true,200,1.170,
oci,,2,4477,true,200,1.563,
oci,,2,4480,true,200,0.712,
oci,,2,4479,true,200,1.120,
oci,,2,4481,true,200,0.849,
oci,,2,4482,true,200,0.850,
oci,,2,4483,true,200,0.762,
oci,,2,4484,true,200,0.770,
oci,,2,4485,true,200,2.319,
oci,,2,4486,true,200,2.300,
oci,,2,4487,true,200,0.848,
oci,,2,4488,true,200,0.844,
oci,,2,4489,true,200,0.660,
oci,,2,4490,true,200,2.023,
oci,,2,4491,true,200,1.681,
oci,,2,4492,true,200,0.897,
oci,,2,4493,true,200,0.922,
oci,,2,4495,true,200,0.929,
oci,,2,4494,true,200,1.338,
oci,,2,4496,true,200,0.751,
oci,,2,4497,true,200,0.725,
oci,,2,4499,true,200,0.865,
oci,,2,4498,true,200,1.235,
oci,,2,4500,true,200,0.691,
oci,,2,4501,true,200,0.720,
oci,,2,4502,true,200,0.582,
oci,,2,4503,true,200,0.610,
oci,,2,4504,true,200,1.799,
oci,,2,4505,true,200,1.703,
oci,,2,4506,true,200,0.781,
oci,,2,4507,true,200,0.772,
oci,,2,4508,true,200,2.177,
oci,,2,4509,true,200,2.205,
oci,,2,4510,true,200,0.803,
oci,,2,4511,true,200,0.783,
oci,,2,4512,true,200,0.822,
oci,,2,4513,true,200,0.857,
oci,,2,4514,true,200,1.435,
oci,,2,4515,true,200,1.437,
oci,,2,4516,true,200,0.745,
oci,,2,4517,true,200,0.724,
oci,,2,4518,true,200,1.060,
oci,,2,4519,true,200,1.065,
oci,,2,4520,true,200,0.679,
oci,,2,4521,true,200,0.677,
oci,,2,4522,true,200,0.669,
oci,,2,4523,true,200,0.667,
oci,,2,4525,true,200,1.794,
oci,,2,4524,true,200,2.172,
oci,,2,4526,true,200,5.398,
oci,,2,4527,true,200,5.484,
oci,,2,4528,true,200,2.704,
oci,,2,4529,true,200,2.572,
oci,,2,4531,true,200,1.121,
oci,,2,4530,true,200,1.493,
oci,,2,4532,true,200,2.254,
oci,,2,4533,true,200,2.296,
oci,,2,4534,true,200,1.813,
oci,,2,4535,true,200,1.774,
oci,,2,4537,true,200,1.012,
oci,,2,4536,true,200,1.411,
oci,,2,4539,true,200,3.807,
oci,,2,4538,true,200,4.188,
oci,,2,4541,true,200,0.893,
oci,,2,4540,true,200,1.263,
oci,,2,4543,true,200,1.714,
oci,,2,4542,true,200,2.099,
oci,,2,4544,true,200,2.137,
oci,,2,4545,true,200,2.160,
oci,,2,4546,true,200,2.092,
oci,,2,4547,true,200,2.341,
oci,,2,4548,true,200,1.551,
oci,,2,4549,true,200,1.302,
oci,,2,4550,true,200,0.846,
oci,,2,4551,true,200,1.835,
oci,,2,4552,true,200,1.368,
oci,,2,4554,true,200,0.668,
oci,,2,4553,true,200,1.035,
oci,,2,4555,true,200,0.702,
oci,,2,4556,true,200,0.695,
oci,,2,4557,true,200,0.727,
oci,,2,4558,true,200,0.861,
oci,,2,4559,true,200,1.129,
oci,,2,4560,true,200,0.971,
oci,,2,4562,true,200,2.556,
oci,,2,4561,true,200,3.161,
oci,,2,4563,true,200,1.384,
oci,,2,4564,true,200,1.120,
oci,,2,4565,true,200,0.888,
oci,,2,4566,true,200,0.918,
oci,,2,4567,true,200,1.371,
oci,,2,4568,true,200,1.326,
oci,,2,4569,true,200,2.346,
oci,,2,4570,true,200,2.300,
oci,,2,4572,true,200,1.913,
oci,,2,4571,true,200,2.192,
oci,,2,4574,true,200,0.928,
oci,,2,4573,true,200,1.259,
oci,,2,4575,true,200,1.452,
oci,,2,4576,true,200,1.524,
oci,,2,4577,true,200,0.819,
oci,,2,4578,true,200,0.821,
oci,,2,4579,true,200,0.886,
oci,,2,4580,true,200,2.107,
oci,,2,4581,true,200,2.003,
oci,,2,4582,true,200,1.409,
oci,,2,4583,true,200,1.132,
oci,,2,4584,true,200,1.333,
oci,,2,4585,true,200,1.223,
oci,,2,4587,true,200,0.826,
oci,,2,4586,true,200,1.151,
oci,,2,4588,true,200,1.066,
oci,,2,4589,true,200,1.078,
oci,,2,4590,true,200,0.931,
oci,,2,4591,true,200,0.922,
oci,,2,4592,true,200,0.999,
oci,,2,4593,true,200,1.012,
oci,,2,4594,true,200,0.813,
oci,,2,4595,true,200,0.887,
oci,,2,4596,true,200,1.254,
oci,,2,4597,true,200,1.213,
oci,,2,4598,true,200,2.061,
oci,,2,4599,true,200,2.094,
oci,,2,4600,true,200,0.812,
oci,,2,4601,true,200,0.800,
oci,,2,4602,true,200,1.002,
oci,,2,4603,true,200,0.953,
oci,,2,4604,true,200,0.918,
oci,,2,4605,true,200,0.911,
oci,,2,4606,true,200,0.644,
oci,,2,4607,true,200,0.676,
oci,,2,4608,true,200,0.731,
oci,,2,4609,true,200,0.720,
oci,,2,4610,true,200,1.957,
oci,,2,4611,true,200,2.035,
oci,,2,4612,true,200,0.780,
oci,,2,4613,true,200,0.705,
oci,,2,4614,true,200,2.975,
oci,,2,4615,true,200,3.217,
oci,,2,4616,true,200,0.975,
oci,,2,4617,true,200,0.748,
oci,,2,4618,true,200,0.862,
oci,,2,4619,true,200,0.871,
oci,,2,4620,true,200,0.735,
oci,,2,4621,true,200,0.726,
oci,,2,4622,true,200,0.650,
oci,,2,4623,true,200,0.630,
oci,,2,4624,true,200,1.786,
oci,,2,4625,true,200,1.789,
oci,,2,4626,true,200,1.901,
oci,,2,4627,true,200,1.903,
oci,,2,4628,true,200,0.785,
oci,,2,4629,true,200,0.765,
oci,,2,4630,true,200,0.782,
oci,,2,4631,true,200,0.758,
oci,,2,4632,true,200,0.718,
oci,,2,4633,true,200,0.706,
oci,,2,4635,true,200,0.718,
oci,,2,4634,true,200,1.036,
oci,,2,4636,true,200,0.816,
oci,,2,4637,true,200,0.833,
oci,,2,4639,true,200,1.945,
oci,,2,4638,true,200,2.320,
oci,,2,4640,true,200,0.765,
oci,,2,4641,true,200,0.786,
oci,,2,4642,true,200,0.881,
oci,,2,4643,true,200,0.894,
oci,,2,4644,true,200,0.896,
oci,,2,4645,true,200,0.880,
oci,,2,4646,true,200,1.172,
oci,,2,4647,true,200,1.160,
oci,,2,4648,true,200,1.985,
oci,,2,4649,true,200,1.997,
oci,,2,4650,true,200,0.822,
oci,,2,4651,true,200,0.814,
oci,,2,4652,true,200,2.262,
oci,,2,4653,true,200,2.483,
oci,,2,4654,true,200,2.161,
oci,,2,4655,true,200,1.917,
oci,,2,4656,true,200,1.826,
oci,,2,4657,true,200,1.848,
oci,,2,4658,true,200,0.769,
oci,,2,4659,true,200,0.812,
oci,,2,4660,true,200,0.757,
oci,,2,4661,true,200,0.744,
oci,,2,4662,true,200,1.223,
oci,,2,4663,true,200,1.239,
oci,,2,4665,true,200,0.779,
oci,,2,4664,true,200,1.169,
oci,,2,4666,true,200,1.055,
oci,,2,4667,true,200,1.070,
oci,,2,4668,true,200,0.981,
oci,,2,4669,true,200,1.554,
oci,,2,4670,true,200,2.010,
oci,,2,4671,true,200,1.520,
oci,,2,4673,true,200,1.908,
oci,,2,4672,true,200,2.351,
oci,,2,4675,true,200,1.708,
oci,,2,4674,true,200,2.095,
oci,,2,4676,true,200,0.812,
oci,,2,4677,true,200,0.813,
oci,,2,4678,true,200,0.801,
oci,,2,4679,true,200,0.790,
oci,,2,4680,true,200,0.979,
oci,,2,4681,true,200,1.000,
oci,,2,4683,true,200,0.885,
oci,,2,4682,true,200,1.375,
oci,,2,4684,true,200,0.915,
oci,,2,4685,true,200,0.819,
oci,,2,4686,true,200,0.752,
oci,,2,4687,true,200,0.765,
oci,,2,4688,true,200,1.398,
oci,,2,4689,true,200,1.361,
oci,,2,4691,true,200,1.903,
oci,,2,4690,true,200,2.290,
oci,,2,4692,true,200,0.803,
oci,,2,4693,true,200,0.745,
oci,,2,4694,true,200,1.146,
oci,,2,4695,true,200,1.161,
oci,,2,4697,true,200,1.873,
oci,,2,4696,true,200,2.219,
oci,,2,4698,true,200,1.918,
oci,,2,4699,true,200,2.007,
oci,,2,4700,true,200,0.892,
oci,,2,4701,true,200,0.803,
oci,,2,4702,true,200,0.949,
oci,,2,4703,true,200,0.964,
oci,,2,4704,true,200,0.749,
oci,,2,4705,true,200,0.729,
oci,,2,4707,true,200,1.039,
oci,,2,4706,true,200,1.345,
oci,,2,4709,true,200,0.794,
oci,,2,4708,true,200,1.093,
oci,,2,4711,true,200,0.667,
oci,,2,4710,true,200,0.955,
oci,,2,4713,true,200,0.680,
oci,,2,4712,true,200,0.997,
oci,,2,4714,true,200,0.716,
oci,,2,4715,true,200,0.709,
oci,,2,4716,true,200,0.716,
oci,,2,4717,true,200,0.690,
oci,,2,4719,true,200,0.748,
oci,,2,4718,true,200,1.073,
oci,,2,4720,true,200,0.834,
oci,,2,4721,true,200,0.817,
oci,,2,4722,true,200,1.230,
oci,,2,4723,true,200,1.234,
oci,,2,4724,true,200,0.937,
oci,,2,4725,true,200,0.944,
oci,,2,4726,true,200,0.642,
oci,,2,4727,true,200,0.718,
oci,,2,4728,true,200,0.721,
oci,,2,4729,true,200,0.648,
oci,,2,4730,true,200,0.651,
oci,,2,4731,true,200,0.632,
oci,,2,4733,true,200,0.668,
oci,,2,4732,true,200,0.991,
oci,,2,4734,true,200,0.658,
oci,,2,4735,true,200,0.623,
oci,,2,4736,true,200,0.638,
oci,,2,4737,true,200,0.648,
oci,,2,4738,true,200,0.808,
oci,,2,4739,true,200,0.827,
oci,,2,4740,true,200,0.756,
oci,,2,4741,true,200,0.762,
oci,,2,4742,true,200,1.363,
oci,,2,4743,true,200,1.349,
oci,,2,4744,true,200,0.817,
oci,,2,4745,true,200,0.808,
oci,,2,4746,true,200,1.080,
oci,,2,4747,true,200,1.091,
oci,,2,4748,true,200,0.653,
oci,,2,4749,true,200,0.648,
oci,,2,4750,true,200,1.187,
oci,,2,4751,true,200,1.199,
oci,,2,4752,true,200,1.137,
oci,,2,4753,true,200,1.111,
oci,,2,4755,true,200,0.688,
oci,,2,4754,true,200,0.994,
oci,,2,4756,true,200,1.102,
oci,,2,4757,true,200,1.174,
oci,,2,4758,true,200,2.036,
oci,,2,4759,true,200,1.972,
oci,,2,4761,true,200,0.642,
oci,,2,4760,true,200,0.984,
oci,,2,4762,true,200,1.028,
oci,,2,4763,true,200,1.021,
oci,,2,4764,true,200,0.809,
oci,,2,4765,true,200,0.792,
oci,,2,4766,true,200,0.743,
oci,,2,4767,true,200,0.764,
oci,,2,4768,true,200,0.647,
oci,,2,4769,true,200,0.656,
oci,,2,4771,true,200,0.628,
oci,,2,4770,true,200,0.942,
oci,,2,4772,true,200,0.778,
oci,,2,4773,true,200,0.801,
oci,,2,4775,true,200,2.427,
oci,,2,4774,true,200,2.843,
oci,,2,4776,true,200,3.036,
oci,,2,4777,true,200,2.955,
oci,,2,4779,true,200,1.343,
oci,,2,4778,true,200,1.670,
oci,,2,4780,true,200,0.711,
oci,,2,4781,true,200,0.747,
oci,,2,4782,true,200,0.656,
oci,,2,4783,true,200,2.222,
oci,,2,4784,true,200,1.995,
oci,,2,4785,true,200,0.817,
oci,,2,4786,true,200,0.766,
oci,,2,4787,true,200,0.916,
oci,,2,4788,true,200,0.891,
oci,,2,4789,true,200,0.842,
oci,,2,4790,true,200,0.876,
oci,,2,4791,true,200,1.192,
oci,,2,4792,true,200,1.171,
oci,,2,4793,true,200,0.994,
oci,,2,4794,true,200,1.016,
oci,,2,4796,true,200,0.792,
oci,,2,4795,true,200,1.145,
oci,,2,4797,true,200,0.723,
oci,,2,4798,true,200,1.772,
oci,,2,4799,true,200,1.382,
oci,,2,4801,true,200,2.245,
oci,,2,4800,true,200,2.571,
oci,,2,4803,true,200,0.699,
oci,,2,4802,true,200,1.013,
oci,,2,4804,true,200,1.979,
oci,,2,4805,true,200,1.979,
oci,,2,4807,true,200,0.673,
oci,,2,4806,true,200,1.055,
oci,,2,4808,true,200,0.716,
oci,,2,4809,true,200,0.723,
oci,,2,4810,true,200,1.044,
oci,,2,4811,true,200,1.008,
oci,,2,4812,true,200,0.723,
oci,,2,4813,true,200,0.723,
oci,,2,4814,true,200,0.724,
oci,,2,4815,true,200,0.712,
oci,,2,4816,true,200,0.638,
oci,,2,4817,true,200,0.697,
oci,,2,4819,true,200,0.700,
oci,,2,4818,true,200,1.087,
oci,,2,4820,true,200,0.882,
oci,,2,4821,true,200,0.883,
oci,,2,4823,true,200,1.062,
oci,,2,4822,true,200,1.387,
oci,,2,4825,true,200,0.695,
oci,,2,4824,true,200,1.003,
oci,,2,4826,true,200,1.128,
oci,,2,4827,true,200,1.163,
oci,,2,4828,true,200,0.898,
oci,,2,4829,true,200,0.878,
oci,,2,4830,true,200,0.900,
oci,,2,4831,true,200,0.921,
oci,,2,4832,true,200,0.953,
oci,,2,4833,true,200,0.950,
oci,,2,4834,true,200,0.949,
oci,,2,4835,true,200,0.943,
oci,,2,4836,true,200,0.668,
oci,,2,4837,true,200,0.698,
oci,,2,4838,true,200,1.497,
oci,,2,4839,true,200,1.474,
oci,,2,4840,true,200,0.670,
oci,,2,4841,true,200,0.670,
oci,,2,4842,true,200,0.641,
oci,,2,4843,true,200,0.639,
oci,,2,4844,true,200,1.939,
oci,,2,4845,true,200,1.892,
oci,,2,4846,true,200,1.772,
oci,,2,4847,true,200,1.844,
oci,,2,4848,true,200,0.737,
oci,,2,4849,true,200,0.755,
oci,,2,4851,true,200,1.071,
oci,,2,4850,true,200,1.416,
oci,,2,4853,true,200,0.606,
oci,,2,4852,true,200,0.898,
oci,,2,4855,true,200,0.592,
oci,,2,4854,true,200,0.883,
oci,,2,4857,true,200,0.566,
oci,,2,4856,true,200,0.881,
oci,,2,4858,true,200,1.744,
oci,,2,4859,true,200,1.767,
oci,,2,4860,true,200,0.727,
oci,,2,4861,true,200,0.759,
oci,,2,4862,true,200,0.750,
oci,,2,4863,true,200,0.705,
oci,,2,4864,true,200,0.735,
oci,,2,4865,true,200,0.755,
oci,,2,4867,true,200,1.647,
oci,,2,4866,true,200,2.001,
oci,,2,4869,true,200,0.675,
oci,,2,4868,true,200,1.018,
oci,,2,4870,true,200,0.968,
oci,,2,4871,true,200,0.964,
oci,,2,4872,true,200,2.014,
oci,,2,4873,true,200,2.011,
oci,,2,4875,true,200,0.672,
oci,,2,4874,true,200,1.017,
oci,,2,4876,true,200,0.951,
oci,,2,4877,true,200,0.956,
oci,,2,4879,true,200,0.727,
oci,,2,4878,true,200,1.069,
oci,,2,4881,true,200,0.669,
oci,,2,4880,true,200,0.999,
oci,,2,4883,true,200,0.663,
oci,,2,4882,true,200,1.007,
oci,,2,4884,true,200,0.769,
oci,,2,4885,true,200,0.784,
oci,,2,4886,true,200,0.687,
oci,,2,4887,true,200,0.673,
oci,,2,4888,true,200,0.943,
oci,,2,4889,true,200,0.932,
oci,,2,4890,true,200,0.823,
oci,,2,4891,true,200,0.839,
oci,,2,4892,true,200,1.289,
oci,,2,4893,true,200,1.268,
oci,,2,4895,true,200,0.710,
oci,,2,4894,true,200,1.021,
oci,,2,4896,true,200,1.134,
oci,,2,4897,true,200,1.179,
oci,,2,4898,true,200,0.763,
oci,,2,4899,true,200,0.730,
oci,,2,4901,true,200,1.095,
oci,,2,4900,true,200,1.738,
oci,,2,4902,true,200,1.030,
oci,,2,4903,true,200,0.724,
oci,,2,4904,true,200,1.825,
oci,,2,4905,true,200,1.825,
oci,,2,4906,true,200,1.057,
oci,,2,4907,true,200,1.006,
oci,,2,4909,true,200,0.789,
oci,,2,4908,true,200,1.101,
oci,,2,4910,true,200,0.738,
oci,,2,4911,true,200,0.819,
oci,,2,4912,true,200,1.119,
oci,,2,4913,true,200,1.111,
oci,,2,4914,true,200,0.678,
oci,,2,4915,true,200,0.698,
oci,,2,4916,true,200,0.723,
oci,,2,4917,true,200,0.703,
oci,,2,4918,true,200,1.592,
oci,,2,4919,true,200,1.633,
oci,,2,4920,true,200,0.575,
oci,,2,4921,true,200,0.731,
oci,,2,4922,true,200,1.447,
oci,,2,4923,true,200,1.365,
oci,,2,4924,true,200,2.016,
oci,,2,4925,true,200,1.924,
oci,,2,4926,true,200,0.797,
oci,,2,4927,true,200,0.805,
oci,,2,4929,true,200,0.703,
oci,,2,4928,true,200,1.070,
oci,,2,4930,true,200,1.292,
oci,,2,4931,true,200,1.300,
oci,,2,4932,true,200,0.765,
oci,,2,4933,true,200,0.746,
oci,,2,4934,true,200,0.966,
oci,,2,4935,true,200,0.943,
oci,,2,4936,true,200,0.875,
oci,,2,4937,true,200,0.894,
oci,,2,4938,true,200,0.690,
oci,,2,4939,true,200,0.707,
oci,,2,4940,true,200,2.518,
oci,,2,4941,true,200,2.524,
oci,,2,4942,true,200,0.736,
oci,,2,4943,true,200,0.818,
oci,,2,4944,true,200,0.650,
oci,,2,4945,true,200,0.642,
oci,,2,4947,true,200,1.503,
oci,,2,4946,true,200,1.919,
oci,,2,4948,true,200,0.794,
oci,,2,4949,true,200,0.791,
oci,,2,4950,true,200,0.688,
oci,,2,4951,true,200,0.704,
oci,,2,4952,true,200,1.529,
oci,,2,4953,true,200,1.629,
oci,,2,4954,true,200,1.752,
oci,,2,4955,true,200,1.652,
oci,,2,4957,true,200,0.671,
oci,,2,4956,true,200,1.050,
oci,,2,4958,true,200,0.999,
oci,,2,4959,true,200,0.949,
oci,,2,4961,true,200,0.624,
oci,,2,4960,true,200,0.957,
oci,,2,4963,true,200,1.178,
oci,,2,4962,true,200,1.520,
oci,,2,4964,true,200,0.731,
oci,,2,4965,true,200,0.736,
oci,,2,4966,true,200,1.108,
oci,,2,4967,true,200,1.170,
oci,,2,4968,true,200,0.835,
oci,,2,4969,true,200,0.808,
oci,,2,4971,true,200,0.768,
oci,,2,4970,true,200,1.180,
oci,,2,4972,true,200,1.445,
oci,,2,4973,true,200,1.435,
oci,,2,4974,true,200,0.792,
oci,,2,4975,true,200,0.804,
oci,,2,4976,true,200,0.671,
oci,,2,4977,true,200,0.678,
oci,,2,4978,true,200,0.607,
oci,,2,4979,true,200,0.708,
oci,,2,4980,true,200,0.688,
oci,,2,4981,true,200,0.690,
oci,,2,4982,true,200,0.613,
oci,,2,4983,true,200,2.860,
oci,,2,4984,true,200,2.680,
oci,,2,4985,true,200,0.778,
oci,,2,4986,true,200,0.812,
oci,,2,4988,true,200,0.881,
oci,,2,4987,true,200,1.217,
oci,,2,4989,true,200,0.703,
oci,,2,4990,true,200,0.707,
oci,,2,4991,true,200,1.084,
oci,,2,4992,true,200,1.064,
oci,,2,4994,true,200,1.018,
oci,,2,4993,true,200,1.352,
oci,,2,4995,true,200,0.680,
oci,,2,4996,true,200,0.664,
oci,,2,4997,true,200,1.371,
oci,,2,4998,true,200,1.389,
oci,,2,4999,true,200,0.756,
oci,,2,5000,true,200,0.758,
oci,,2,5002,true,200,0.957,
oci,,2,5001,true,200,1.374,
oci,,2,5003,true,200,0.935,
oci,,2,5004,true,200,0.843,
oci,,2,5006,true,200,0.675,
oci,,2,5005,true,200,0.974,
oci,,2,5007,true,200,0.678,
oci,,2,5008,true,200,0.690,
oci,,2,5009,true,200,0.636,
oci,,2,5010,true,200,0.631,
oci,,2,5011,true,200,0.640,
oci,,2,5012,true,200,0.654,
oci,,2,5013,true,200,1.213,
oci,,2,5014,true,200,1.191,
oci,,2,5016,true,200,0.713,
oci,,2,5015,true,200,1.039,
oci,,2,5017,true,200,4.017,
oci,,2,5018,true,200,4.073,
oci,,2,5019,true,200,1.063,
oci,,2,5020,true,200,1.028,
oci,,2,5021,true,200,0.927,
oci,,2,5022,true,200,0.918,
oci,,2,5023,true,200,2.054,
oci,,2,5024,true,200,2.053,
oci,,2,5025,true,200,0.741,
oci,,2,5026,true,200,0.722,
oci,,2,5028,true,200,1.172,
oci,,2,5027,true,200,1.536,
oci,,2,5029,true,200,1.958,
oci,,2,5030,true,200,1.907,
oci,,2,5031,true,200,0.812,
oci,,2,5032,true,200,0.825,
oci,,2,5033,true,200,0.726,
oci,,2,5034,true,200,0.757,
oci,,2,5035,true,200,2.261,
oci,,2,5036,true,200,2.231,
oci,,2,5037,true,200,0.659,
oci,,2,5038,true,200,0.691,
oci,,2,5040,true,200,0.670,
oci,,2,5039,true,200,1.070,
oci,,2,5041,true,200,1.609,
oci,,2,5042,true,200,1.682,
oci,,2,5043,true,200,0.868,
oci,,2,5044,true,200,0.758,
oci,,2,5045,true,200,0.866,
oci,,2,5046,true,200,0.865,
oci,,2,5047,true,200,1.049,
oci,,2,5048,true,200,1.001,
oci,,2,5049,true,200,0.812,
oci,,2,5050,true,200,0.852,
oci,,2,5051,true,200,0.732,
oci,,2,5052,true,200,0.742,
oci,,2,5053,true,200,0.652,
oci,,2,5054,true,200,1.226,
oci,,2,5055,true,200,0.909,
oci,,2,5056,true,200,0.880,
oci,,2,5057,true,200,0.920,
oci,,2,5058,true,200,1.190,
oci,,2,5059,true,200,1.118,
oci,,2,5061,true,200,0.724,
oci,,2,5060,true,200,1.010,
oci,,2,5062,true,200,0.695,
oci,,2,5063,true,200,0.693,
oci,,2,5064,true,200,1.594,
oci,,2,5065,true,200,1.578,
oci,,2,5067,true,200,2.698,
oci,,2,5066,true,200,2.963,
oci,,2,5068,true,200,0.825,
oci,,2,5069,true,200,0.883,
oci,,2,5070,true,200,0.913,
oci,,2,5071,true,200,0.950,
oci,,2,5072,true,200,0.964,
oci,,2,5073,true,200,0.916,
oci,,2,5075,true,200,1.058,
oci,,2,5074,true,200,1.382,
oci,,2,5076,true,200,0.726,
oci,,2,5077,true,200,0.778,
oci,,2,5079,true,200,1.117,
oci,,2,5078,true,200,1.532,
oci,,2,5080,true,200,0.743,
oci,,2,5081,true,200,0.716,
oci,,2,5082,true,200,2.142,
oci,,2,5083,true,200,2.124,
oci,,2,5085,true,200,0.792,
oci,,2,5084,true,200,1.111,
oci,,2,5087,true,200,0.710,
oci,,2,5086,true,200,1.066,
oci,,2,5088,true,200,0.710,
oci,,2,5089,true,200,0.692,
oci,,2,5091,true,200,1.265,
oci,,2,5090,true,200,1.597,
oci,,2,5092,true,200,0.996,
oci,,2,5093,true,200,0.993,
oci,,2,5094,true,200,0.988,
oci,,2,5095,true,200,0.991,
oci,,2,5096,true,200,0.732,
oci,,2,5097,true,200,0.735,
oci,,2,5098,true,200,1.040,
oci,,2,5099,true,200,1.028,
oci,,2,5101,true,200,0.730,
oci,,2,5100,true,200,1.036,
oci,,2,5102,true,200,1.386,
oci,,2,5103,true,200,1.640,
oci,,2,5104,true,200,0.926,
oci,,2,5105,true,200,0.706,
oci,,2,5106,true,200,0.779,
oci,,2,5107,true,200,0.800,
oci,,2,5108,true,200,1.092,
oci,,2,5109,true,200,1.077,
oci,,2,5110,true,200,1.014,
oci,,2,5111,true,200,1.028,
oci,,2,5112,true,200,0.912,
oci,,2,5113,true,200,0.933,
oci,,2,5114,true,200,2.117,
oci,,2,5115,true,200,2.231,
oci,,2,5116,true,200,1.034,
oci,,2,5117,true,200,0.925,
oci,,2,5119,true,200,1.883,
oci,,2,5118,true,200,2.225,
oci,,2,5120,true,200,0.884,
oci,,2,5121,true,200,0.948,
oci,,2,5122,true,200,0.887,
oci,,2,5123,true,200,0.861,
oci,,2,5124,true,200,1.089,
oci,,2,5125,true,200,1.034,
oci,,2,5126,true,200,0.920,
oci,,2,5127,true,200,1.004,
oci,,2,5128,true,200,0.967,
oci,,2,5129,true,200,1.024,
oci,,2,5130,true,200,1.111,
oci,,2,5131,true,200,1.151,
oci,,2,5132,true,200,2.050,
oci,,2,5133,true,200,1.890,
oci,,2,5134,true,200,0.830,
oci,,2,5135,true,200,0.900,
oci,,2,5136,true,200,0.735,
oci,,2,5137,true,200,0.772,
oci,,2,5138,true,200,0.811,
oci,,2,5139,true,200,0.789,
oci,,2,5140,true,200,1.229,
oci,,2,5141,true,200,1.179,
oci,,2,5142,true,200,0.655,
oci,,2,5143,true,200,0.671,
oci,,2,5144,true,200,0.698,
oci,,2,5145,true,200,0.713,
oci,,2,5146,true,200,1.801,
oci,,2,5147,true,200,1.790,
oci,,2,5148,true,200,0.972,
oci,,2,5149,true,200,0.984,
oci,,2,5151,true,200,1.727,
oci,,2,5150,true,200,2.084,
oci,,2,5152,true,200,6.727,
oci,,2,5153,true,200,6.809,
oci,,2,5154,true,200,0.741,
oci,,2,5155,true,200,0.671,
oci,,2,5157,true,200,0.731,
oci,,2,5156,true,200,1.123,
oci,,2,5158,true,200,1.550,
oci,,2,5159,true,200,1.507,
oci,,2,5160,true,200,0.984,
oci,,2,5161,true,200,0.995,
oci,,2,5162,true,200,1.301,
oci,,2,5163,true,200,1.471,
oci,,2,5164,true,200,2.743,
oci,,2,5165,true,200,2.623,
oci,,2,5166,true,200,0.803,
oci,,2,5167,true,200,0.743,
oci,,2,5168,true,200,1.155,
oci,,2,5169,true,200,1.169,
oci,,2,5170,true,200,2.128,
oci,,2,5171,true,200,2.154,
oci,,2,5173,true,200,1.772,
oci,,2,5172,true,200,2.183,
oci,,2,5174,true,200,1.810,
oci,,2,5175,true,200,1.818,
oci,,2,5176,true,200,0.954,
oci,,2,5177,true,200,0.961,
oci,,2,5178,true,200,0.737,
oci,,2,5179,true,200,0.769,
oci,,2,5180,true,200,1.414,
oci,,2,5181,true,200,1.353,
oci,,2,5182,true,200,0.772,
oci,,2,5183,true,200,0.777,
oci,,2,5184,true,200,0.906,
oci,,2,5185,true,200,0.907,
oci,,2,5186,true,200,0.766,
oci,,2,5187,true,200,0.791,
oci,,2,5188,true,200,0.969,
oci,,2,5189,true,200,0.896,
oci,,2,5191,true,200,2.317,
oci,,2,5190,true,200,2.669,
oci,,2,5192,true,200,0.969,
oci,,2,5193,true,200,0.872,
oci,,2,5194,true,200,0.751,
oci,,2,5195,true,200,0.744,
oci,,2,5196,true,200,1.192,
oci,,2,5197,true,200,1.195,
oci,,2,5199,true,200,2.863,
oci,,2,5198,true,200,3.232,
oci,,2,5200,true,200,5.042,
oci,,2,5201,true,200,5.104,
oci,,2,5203,true,200,0.798,
oci,,2,5202,true,200,1.251,
oci,,2,5204,true,200,0.735,
oci,,2,5205,true,200,0.693,
oci,,2,5207,true,200,1.855,
oci,,2,5206,true,200,2.220,
oci,,2,5209,true,200,0.766,
oci,,2,5208,true,200,1.076,
oci,,2,5211,true,200,0.712,
oci,,2,5210,true,200,1.014,
oci,,2,5212,true,200,0.701,
oci,,2,5213,true,200,0.687,
oci,,2,5214,true,200,1.596,
oci,,2,5215,true,200,1.565,
oci,,2,5217,true,200,0.653,
oci,,2,5216,true,200,0.933,
oci,,2,5219,true,200,0.630,
oci,,2,5218,true,200,0.911,
oci,,2,5220,true,200,0.794,
oci,,2,5221,true,200,0.847,
oci,,2,5222,true,200,0.740,
oci,,2,5223,true,200,0.730,
oci,,2,5224,true,200,0.702,
oci,,2,5225,true,200,0.689,
oci,,2,5226,true,200,0.666,
oci,,2,5227,true,200,0.652,
oci,,2,5228,true,200,0.653,
oci,,2,5229,true,200,0.728,
oci,,2,5230,true,200,0.894,
oci,,2,5231,true,200,0.864,
oci,,2,5232,true,200,0.718,
oci,,2,5233,true,200,0.736,
oci,,2,5234,true,200,0.678,
oci,,2,5235,true,200,0.622,
oci,,2,5236,true,200,0.819,
oci,,2,5237,true,200,0.835,
oci,,2,5238,true,200,1.513,
oci,,2,5239,true,200,1.518,
oci,,2,5240,true,200,0.697,
oci,,2,5241,true,200,0.682,
oci,,2,5243,true,200,1.072,
oci,,2,5242,true,200,1.350,
oci,,2,5245,true,200,0.904,
oci,,2,5244,true,200,1.139,
oci,,2,5246,true,200,2.084,
oci,,2,5247,true,200,2.124,
oci,,2,5249,true,200,1.772,
oci,,2,5248,true,200,2.302,
oci,,2,5250,true,200,0.895,
oci,,2,5251,true,200,0.687,
oci,,2,5252,true,200,0.715,
oci,,2,5253,true,200,0.763,
oci,,2,5254,true,200,1.292,
oci,,2,5255,true,200,1.347,
oci,,2,5257,true,200,2.058,
oci,,2,5256,true,200,2.589,
oci,,2,5259,true,200,1.353,
oci,,2,5258,true,200,1.817,
oci,,2,5261,true,200,0.774,
oci,,2,5260,true,200,1.172,
oci,,2,5262,true,200,0.705,
oci,,2,5263,true,200,0.671,
oci,,2,5264,true,200,2.463,
oci,,2,5265,true,200,2.779,
oci,,2,5267,true,200,1.075,
oci,,2,5266,true,200,1.665,
oci,,2,5269,true,200,2.091,
oci,,2,5268,true,200,2.427,
oci,,2,5271,true,200,0.656,
oci,,2,5270,true,200,1.044,
oci,,2,5272,true,200,1.082,
oci,,2,5273,true,200,1.051,
oci,,2,5275,true,200,0.690,
oci,,2,5274,true,200,1.004,
oci,,2,5276,true,200,0.725,
oci,,2,5277,true,200,0.719,
oci,,2,5278,true,200,1.623,
oci,,2,5279,true,200,1.814,
oci,,2,5281,true,200,0.714,
oci,,2,5280,true,200,1.263,
oci,,2,5282,true,200,0.669,
oci,,2,5283,true,200,0.656,
oci,,2,5285,true,200,0.706,
oci,,2,5284,true,200,1.067,
oci,,2,5286,true,200,0.767,
oci,,2,5287,true,200,0.763,
oci,,2,5288,true,200,0.688,
oci,,2,5289,true,200,0.663,
oci,,2,5290,true,200,0.828,
oci,,2,5291,true,200,0.870,
oci,,2,5292,true,200,1.832,
oci,,2,5293,true,200,1.821,
oci,,2,5294,true,200,0.714,
oci,,2,5295,true,200,0.698,
oci,,2,5296,true,200,2.297,
oci,,2,5297,true,200,2.312,
oci,,2,5298,true,200,2.037,
oci,,2,5299,true,200,2.034,
oci,,2,5301,true,200,1.654,
oci,,2,5300,true,200,2.004,
oci,,2,5302,true,200,0.834,
oci,,2,5303,true,200,0.828,
oci,,2,5304,true,200,0.646,
oci,,2,5305,true,200,0.668,
oci,,2,5306,true,200,0.686,
oci,,2,5307,true,200,0.672,
oci,,2,5308,true,200,0.687,
oci,,2,5309,true,200,0.682,
oci,,2,5311,true,200,1.945,
oci,,2,5310,true,200,2.326,
oci,,2,5312,true,200,0.757,
oci,,2,5313,true,200,0.738,
oci,,2,5314,true,200,0.714,
oci,,2,5315,true,200,0.728,
oci,,2,5317,true,200,0.687,
oci,,2,5316,true,200,1.084,
oci,,2,5318,true,200,0.724,
oci,,2,5319,true,200,0.729,
oci,,2,5320,true,200,1.858,
oci,,2,5321,true,200,1.829,
oci,,2,5322,true,200,2.194,
oci,,2,5323,true,200,2.219,
oci,,2,5325,true,200,0.658,
oci,,2,5324,true,200,1.011,
oci,,2,5326,true,200,0.716,
oci,,2,5327,true,200,0.693,
oci,,2,5329,true,200,0.984,
oci,,2,5328,true,200,1.285,
oci,,2,5331,true,200,0.814,
oci,,2,5330,true,200,1.112,
oci,,2,5333,true,200,0.849,
oci,,2,5332,true,200,1.143,
oci,,2,5335,true,200,0.583,
oci,,2,5334,true,200,0.881,
oci,,2,5336,true,200,0.673,
oci,,2,5337,true,200,0.695,
oci,,2,5338,true,200,0.696,
oci,,2,5339,true,200,0.690,
oci,,2,5341,true,200,0.686,
oci,,2,5340,true,200,1.040,
oci,,2,5343,true,200,0.763,
oci,,2,5342,true,200,1.150,
oci,,2,5344,true,200,2.202,
oci,,2,5345,true,200,2.218,
oci,,2,5346,true,200,0.780,
oci,,2,5347,true,200,0.726,
oci,,2,5348,true,200,0.675,
oci,,2,5349,true,200,0.675,
oci,,2,5350,true,200,0.701,
oci,,2,5351,true,200,0.993,
oci,,2,5352,true,200,0.623,
oci,,2,5353,true,200,0.753,
oci,,2,5354,true,200,0.814,
oci,,2,5355,true,200,0.748,
oci,,2,5356,true,200,0.762,
oci,,2,5357,true,200,0.764,
oci,,2,5358,true,200,0.694,
oci,,2,5359,true,200,0.821,
oci,,2,5360,true,200,0.817,
oci,,2,5361,true,200,0.670,
oci,,2,5362,true,200,0.695,
oci,,2,5364,true,200,1.284,
oci,,2,5363,true,200,1.641,
oci,,2,5366,true,200,0.624,
oci,,2,5365,true,200,0.948,
oci,,2,5367,true,200,0.639,
oci,,2,5368,true,200,0.641,
oci,,2,5370,true,200,1.404,
oci,,2,5369,true,200,1.700,
oci,,2,5372,true,200,0.618,
oci,,2,5371,true,200,0.911,
oci,,2,5373,true,200,0.685,
oci,,2,5374,true,200,0.690,
oci,,2,5375,true,200,2.522,
oci,,2,5376,true,200,2.777,
oci,,2,5377,true,200,1.984,
oci,,2,5378,true,200,1.776,
oci,,2,5379,true,200,1.832,
oci,,2,5380,true,200,1.786,
oci,,2,5381,true,200,2.032,
oci,,2,5382,true,200,2.033,
oci,,2,5384,true,200,0.754,
oci,,2,5383,true,200,1.128,
oci,,2,5386,true,200,1.875,
oci,,2,5385,true,200,2.253,
oci,,2,5387,true,200,0.825,
oci,,2,5388,true,200,0.834,
oci,,2,5389,true,200,0.836,
oci,,2,5390,true,200,0.822,
oci,,2,5391,true,200,0.826,
oci,,2,5392,true,200,0.864,
oci,,2,5393,true,200,1.511,
oci,,2,5394,true,200,1.531,
oci,,2,5395,true,200,0.741,
oci,,2,5396,true,200,0.711,
oci,,2,5398,true,200,1.101,
oci,,2,5397,true,200,1.386,
oci,,2,5399,true,200,0.738,
oci,,2,5400,true,200,0.799,
oci,,2,5401,true,200,0.941,
oci,,2,5402,true,200,0.976,
oci,,2,5403,true,200,1.257,
oci,,2,5404,true,200,1.289,
oci,,2,5405,true,200,0.791,
oci,,2,5406,true,200,0.762,
oci,,2,5407,true,200,0.682,
oci,,2,5408,true,200,0.654,
oci,,2,5409,true,200,0.656,
oci,,2,5410,true,200,0.648,
oci,,2,5412,true,200,1.735,
oci,,2,5411,true,200,2.062,
oci,,2,5413,true,200,0.785,
oci,,2,5414,true,200,0.806,
oci,,2,5415,true,200,0.877,
oci,,2,5416,true,200,0.836,
oci,,2,5418,true,200,0.627,
oci,,2,5417,true,200,0.936,
oci,,2,5419,true,200,0.667,
oci,,2,5420,true,200,0.683,
oci,,2,5421,true,200,0.840,
oci,,2,5422,true,200,0.834,
oci,,2,5423,true,200,0.660,
oci,,2,5424,true,200,0.632,
oci,,2,5425,true,200,0.789,
oci,,2,5426,true,200,0.783,
oci,,2,5428,true,200,0.655,
oci,,2,5427,true,200,0.953,
oci,,2,5429,true,200,0.652,
oci,,2,5430,true,200,0.651,
oci,,2,5431,true,200,0.782,
oci,,2,5432,true,200,0.783,
oci,,2,5433,true,200,0.701,
oci,,2,5434,true,200,0.733,
oci,,2,5435,true,200,0.664,
oci,,2,5436,true,200,0.683,
oci,,2,5437,true,200,0.709,
oci,,2,5438,true,200,0.664,
oci,,2,5439,true,200,0.643,
oci,,2,5440,true,200,0.661,
oci,,2,5441,true,200,1.380,
oci,,2,5442,true,200,1.386,
oci,,2,5443,true,200,2.015,
oci,,2,5444,true,200,2.017,
oci,,2,5445,true,200,0.649,
oci,,2,5446,true,200,1.541,
oci,,2,5447,true,200,1.227,
oci,,2,5448,true,200,1.171,
oci,,2,5449,true,200,1.177,
oci,,2,5450,true,200,0.850,
oci,,2,5451,true,200,0.832,
oci,,2,5453,true,200,0.930,
oci,,2,5452,true,200,1.250,
oci,,2,5455,true,200,0.684,
oci,,2,5454,true,200,1.017,
oci,,2,5456,true,200,0.649,
oci,,2,5457,true,200,0.682,
oci,,2,5458,true,200,0.699,
oci,,2,5459,true,200,0.666,
oci,,2,5460,true,200,0.738,
oci,,2,5461,true,200,0.737,
oci,,2,5462,true,200,0.785,
oci,,2,5463,true,200,0.790,
oci,,2,5464,true,200,0.625,
oci,,2,5465,true,200,0.659,
oci,,2,5466,true,200,1.632,
oci,,2,5467,true,200,1.665,
oci,,2,5468,true,200,2.050,
oci,,2,5469,true,200,2.046,
oci,,2,5470,true,200,2.038,
oci,,2,5471,true,200,2.032,
oci,,2,5472,true,200,1.527,
oci,,2,5473,true,200,1.479,
